Response_ID,Trial,Rating
R_10H0kUd74dj0vDt,Aff C 0 B_1,100
R_10H0kUd74dj0vDt,Aff C C A_1,90
R_10H0kUd74dj0vDt,Aff C P B_1,100
R_10H0kUd74dj0vDt,Aff M 0 C_1,35
R_10H0kUd74dj0vDt,Aff M C E_1,100
R_10H0kUd74dj0vDt,Aff P C A_1,100
R_10H0kUd74dj0vDt,Aff P P C_1,100
R_10H0kUd74dj0vDt,Neg C M A_1,40
R_10H0kUd74dj0vDt,Neg M C D_1,100
R_10H0kUd74dj0vDt,Neg M M D_1,40
R_10H0kUd74dj0vDt,Neg P 0 E_1,100
R_10H0kUd74dj0vDt,Neg P M C_1,40
R_10NtorCPO5dGLsh,Aff C 0 A_1,0
R_10NtorCPO5dGLsh,Aff C C E_1,27
R_10NtorCPO5dGLsh,Aff C P A_1,28
R_10NtorCPO5dGLsh,Aff M 0 B_1,0
R_10NtorCPO5dGLsh,Aff M C D_1,69
R_10NtorCPO5dGLsh,Aff P C E_1,80
R_10NtorCPO5dGLsh,Aff P P B_1,66
R_10NtorCPO5dGLsh,Neg C M E_1,0
R_10NtorCPO5dGLsh,Neg M C C_1,7
R_10NtorCPO5dGLsh,Neg M M C_1,61
R_10NtorCPO5dGLsh,Neg P 0 D_1,0
R_10NtorCPO5dGLsh,Neg P M B_1,59
R_12gECLJAOOAFpVD,Aff C 0 E_1,13
R_12gECLJAOOAFpVD,Aff C C D_1,95
R_12gECLJAOOAFpVD,Aff C P E_1,80
R_12gECLJAOOAFpVD,Aff M 0 A_1,21
R_12gECLJAOOAFpVD,Aff M C C_1,90
R_12gECLJAOOAFpVD,Aff P C D_1,30
R_12gECLJAOOAFpVD,Aff P P A_6,80
R_12gECLJAOOAFpVD,Neg C M C_1,10
R_12gECLJAOOAFpVD,Neg M C B_1,90
R_12gECLJAOOAFpVD,Neg M M B_1,31
R_12gECLJAOOAFpVD,Neg P 0 C_1,60
R_12gECLJAOOAFpVD,Neg P M A_1,30
R_17WjenolIK4WLDP,Aff C M D_1,70
R_17WjenolIK4WLDP,Aff M M E_1,100
R_17WjenolIK4WLDP,Aff M P C_1,100
R_17WjenolIK4WLDP,Aff P 0 D_1,0
R_17WjenolIK4WLDP,Aff P M B_1,50
R_17WjenolIK4WLDP,Neg C 0 C_1,100
R_17WjenolIK4WLDP,Neg C C A_1,0
R_17WjenolIK4WLDP,Neg C P A_1,100
R_17WjenolIK4WLDP,Neg M 0 B_1,100
R_17WjenolIK4WLDP,Neg M P C_1,100
R_17WjenolIK4WLDP,Neg P C E_1,35
R_17WjenolIK4WLDP,Neg P P E_1,0
R_1ceb1wiQNpO2S9m,Aff C M D_1,100
R_1ceb1wiQNpO2S9m,Aff M M E_1,100
R_1ceb1wiQNpO2S9m,Aff M P C_1,59
R_1ceb1wiQNpO2S9m,Aff P 0 D_1,0
R_1ceb1wiQNpO2S9m,Aff P M B_1,21
R_1ceb1wiQNpO2S9m,Neg C 0 C_1,0
R_1ceb1wiQNpO2S9m,Neg C C A_1,8
R_1ceb1wiQNpO2S9m,Neg C P A_1,0
R_1ceb1wiQNpO2S9m,Neg M 0 B_1,0
R_1ceb1wiQNpO2S9m,Neg M P C_1,56
R_1ceb1wiQNpO2S9m,Neg P C E_1,0
R_1ceb1wiQNpO2S9m,Neg P P E_1,0
R_1ED2Lpe2OjDDhF7,Aff C M C_1,45
R_1ED2Lpe2OjDDhF7,Aff M M D_1,59
R_1ED2Lpe2OjDDhF7,Aff M P B_1,17
R_1ED2Lpe2OjDDhF7,Aff P 0 C_1,4
R_1ED2Lpe2OjDDhF7,Aff P M A_1,9
R_1ED2Lpe2OjDDhF7,Neg C 0 B_1,0
R_1ED2Lpe2OjDDhF7,Neg C C E_1,0
R_1ED2Lpe2OjDDhF7,Neg C P E_1,0
R_1ED2Lpe2OjDDhF7,Neg M 0 A_1,38
R_1ED2Lpe2OjDDhF7,Neg M P B_1,7
R_1ED2Lpe2OjDDhF7,Neg P C D_1,0
R_1ED2Lpe2OjDDhF7,Neg P P D_1,20
R_1EPV6B6NGW8CsfO,Aff C M D_1,87
R_1EPV6B6NGW8CsfO,Aff M M E_1,100
R_1EPV6B6NGW8CsfO,Aff M P C_1,91
R_1EPV6B6NGW8CsfO,Aff P 0 D_1,100
R_1EPV6B6NGW8CsfO,Aff P M B_1,100
R_1EPV6B6NGW8CsfO,Neg C 0 C_1,78
R_1EPV6B6NGW8CsfO,Neg C C A_1,80
R_1EPV6B6NGW8CsfO,Neg C P A_1,94
R_1EPV6B6NGW8CsfO,Neg M 0 B_1,100
R_1EPV6B6NGW8CsfO,Neg M P C_1,100
R_1EPV6B6NGW8CsfO,Neg P C E_1,99
R_1EPV6B6NGW8CsfO,Neg P P E_1,97
R_1FerT3tkBHmXOxC,Aff C M B_1,55
R_1FerT3tkBHmXOxC,Aff M M C_1,68
R_1FerT3tkBHmXOxC,Aff M P A_1,0
R_1FerT3tkBHmXOxC,Aff P 0 B_1,21
R_1FerT3tkBHmXOxC,Aff P M E_1,11
R_1FerT3tkBHmXOxC,Neg C 0 A_1,75
R_1FerT3tkBHmXOxC,Neg C C D_1,12
R_1FerT3tkBHmXOxC,Neg C P D_1,60
R_1FerT3tkBHmXOxC,Neg M 0 E_1,64
R_1FerT3tkBHmXOxC,Neg M P A_1,70
R_1FerT3tkBHmXOxC,Neg P C C_1,31
R_1FerT3tkBHmXOxC,Neg P P C_1,0
R_1hF2QhrklyfpX2f,Aff C M E_1,95
R_1hF2QhrklyfpX2f,Aff M M A_1,100
R_1hF2QhrklyfpX2f,Aff M P D_1,0
R_1hF2QhrklyfpX2f,Aff P 0 E_1,0
R_1hF2QhrklyfpX2f,Aff P M C_1,5
R_1hF2QhrklyfpX2f,Neg C 0 D_1,100
R_1hF2QhrklyfpX2f,Neg C C B_1,0
R_1hF2QhrklyfpX2f,Neg C P B_1,100
R_1hF2QhrklyfpX2f,Neg M 0 C_1,100
R_1hF2QhrklyfpX2f,Neg M P D_1,100
R_1hF2QhrklyfpX2f,Neg P C A_1,0
R_1hF2QhrklyfpX2f,Neg P P A_1,0
R_1HjfBzeXTS9fphG,Aff C M A_1,90
R_1HjfBzeXTS9fphG,Aff M M B_1,100
R_1HjfBzeXTS9fphG,Aff M P E_1,0
R_1HjfBzeXTS9fphG,Aff P 0 A_1,51
R_1HjfBzeXTS9fphG,Aff P M D_1,69
R_1HjfBzeXTS9fphG,Neg C 0 E_1,63
R_1HjfBzeXTS9fphG,Neg C C C_1,0
R_1HjfBzeXTS9fphG,Neg C P C_1,54
R_1HjfBzeXTS9fphG,Neg M 0 D_1,99
R_1HjfBzeXTS9fphG,Neg M P E_1,79
R_1HjfBzeXTS9fphG,Neg P C B_1,0
R_1HjfBzeXTS9fphG,Neg P P B_1,0
R_1I6hXAgVkO3VLps,Aff C 0 E_1,0
R_1I6hXAgVkO3VLps,Aff C C D_1,75
R_1I6hXAgVkO3VLps,Aff C P E_1,0
R_1I6hXAgVkO3VLps,Aff M 0 A_1,0
R_1I6hXAgVkO3VLps,Aff M C C_1,40
R_1I6hXAgVkO3VLps,Aff P C D_1,55
R_1I6hXAgVkO3VLps,Aff P P A_6,100
R_1I6hXAgVkO3VLps,Neg C M C_1,20
R_1I6hXAgVkO3VLps,Neg M C B_1,0
R_1I6hXAgVkO3VLps,Neg M M B_1,0
R_1I6hXAgVkO3VLps,Neg P 0 C_1,65
R_1I6hXAgVkO3VLps,Neg P M A_1,30
R_1KpjIX6jIMnwADN,Aff C M D_1,66
R_1KpjIX6jIMnwADN,Aff M M E_1,100
R_1KpjIX6jIMnwADN,Aff M P C_1,90
R_1KpjIX6jIMnwADN,Aff P 0 D_1,3
R_1KpjIX6jIMnwADN,Aff P M B_1,15
R_1KpjIX6jIMnwADN,Neg C 0 C_1,95
R_1KpjIX6jIMnwADN,Neg C C A_1,0
R_1KpjIX6jIMnwADN,Neg C P A_1,95
R_1KpjIX6jIMnwADN,Neg M 0 B_1,100
R_1KpjIX6jIMnwADN,Neg M P C_1,16
R_1KpjIX6jIMnwADN,Neg P C E_1,15
R_1KpjIX6jIMnwADN,Neg P P E_1,7
R_1LYYS9sYHW1u3oP,Aff C 0 D_1,0
R_1LYYS9sYHW1u3oP,Aff C C C_1,100
R_1LYYS9sYHW1u3oP,Aff C P D_1,8
R_1LYYS9sYHW1u3oP,Aff M 0 E_1,0
R_1LYYS9sYHW1u3oP,Aff M C B_1,100
R_1LYYS9sYHW1u3oP,Aff P C C_1,100
R_1LYYS9sYHW1u3oP,Aff P P E_1,100
R_1LYYS9sYHW1u3oP,Neg C M D_1,50
R_1LYYS9sYHW1u3oP,Neg M C A_1,0
R_1LYYS9sYHW1u3oP,Neg M M A_1,28
R_1LYYS9sYHW1u3oP,Neg P 0 B_1,40
R_1LYYS9sYHW1u3oP,Neg P M E_1,94
R_1mpT8FDciGEzFhD,Aff C 0 A_1,15
R_1mpT8FDciGEzFhD,Aff C C E_1,92
R_1mpT8FDciGEzFhD,Aff C P A_1,6
R_1mpT8FDciGEzFhD,Aff M 0 B_1,13
R_1mpT8FDciGEzFhD,Aff M C D_1,92
R_1mpT8FDciGEzFhD,Aff P C E_1,25
R_1mpT8FDciGEzFhD,Aff P P B_1,93
R_1mpT8FDciGEzFhD,Neg C M E_1,15
R_1mpT8FDciGEzFhD,Neg M C C_1,31
R_1mpT8FDciGEzFhD,Neg M M C_1,17
R_1mpT8FDciGEzFhD,Neg P 0 D_1,9
R_1mpT8FDciGEzFhD,Neg P M B_1,81
R_1nKV3vhDDgDOKvT,Aff C 0 C_1,0
R_1nKV3vhDDgDOKvT,Aff C C B_1,100
R_1nKV3vhDDgDOKvT,Aff C P C_1,50
R_1nKV3vhDDgDOKvT,Aff M 0 D_1,0
R_1nKV3vhDDgDOKvT,Aff M C A_1,95
R_1nKV3vhDDgDOKvT,Aff P C B_1,100
R_1nKV3vhDDgDOKvT,Aff P P D_1,50
R_1nKV3vhDDgDOKvT,Neg C M B_1,100
R_1nKV3vhDDgDOKvT,Neg M C E_1,0
R_1nKV3vhDDgDOKvT,Neg M M E_1,0
R_1nKV3vhDDgDOKvT,Neg P 0 A_1,50
R_1nKV3vhDDgDOKvT,Neg P M D_1,51
R_1No5vzI2PKnewBr,Aff C M C_1,94
R_1No5vzI2PKnewBr,Aff M M D_1,95
R_1No5vzI2PKnewBr,Aff M P B_1,9
R_1No5vzI2PKnewBr,Aff P 0 C_1,13
R_1No5vzI2PKnewBr,Aff P M A_1,95
R_1No5vzI2PKnewBr,Neg C 0 B_1,99
R_1No5vzI2PKnewBr,Neg C C E_1,15
R_1No5vzI2PKnewBr,Neg C P E_1,90
R_1No5vzI2PKnewBr,Neg M 0 A_1,8
R_1No5vzI2PKnewBr,Neg M P B_1,99
R_1No5vzI2PKnewBr,Neg P C D_1,97
R_1No5vzI2PKnewBr,Neg P P D_1,83
R_1qeoHkE6hp4BolP,Aff C M E_1,58
R_1qeoHkE6hp4BolP,Aff M M A_1,25
R_1qeoHkE6hp4BolP,Aff M P D_1,20
R_1qeoHkE6hp4BolP,Aff P 0 E_1,63
R_1qeoHkE6hp4BolP,Aff P M C_1,35
R_1qeoHkE6hp4BolP,Neg C 0 D_1,40
R_1qeoHkE6hp4BolP,Neg C C B_1,27
R_1qeoHkE6hp4BolP,Neg C P B_1,30
R_1qeoHkE6hp4BolP,Neg M 0 C_1,42
R_1qeoHkE6hp4BolP,Neg M P D_1,40
R_1qeoHkE6hp4BolP,Neg P C A_1,65
R_1qeoHkE6hp4BolP,Neg P P A_1,20
R_1qsiCjCuDSOWBU1,Aff C 0 A_1,35
R_1qsiCjCuDSOWBU1,Aff C C E_1,51
R_1qsiCjCuDSOWBU1,Aff C P A_1,0
R_1qsiCjCuDSOWBU1,Aff M 0 B_1,61
R_1qsiCjCuDSOWBU1,Aff M C D_1,25
R_1qsiCjCuDSOWBU1,Aff P C E_1,88
R_1qsiCjCuDSOWBU1,Aff P P B_1,74
R_1qsiCjCuDSOWBU1,Neg C M E_1,20
R_1qsiCjCuDSOWBU1,Neg M C C_1,100
R_1qsiCjCuDSOWBU1,Neg M M C_1,0
R_1qsiCjCuDSOWBU1,Neg P 0 D_1,77
R_1qsiCjCuDSOWBU1,Neg P M B_1,83
R_1sTpzQhRCF6PLoN,Aff C M E_1,60
R_1sTpzQhRCF6PLoN,Aff M M A_1,95
R_1sTpzQhRCF6PLoN,Aff M P D_1,10
R_1sTpzQhRCF6PLoN,Aff P 0 E_1,10
R_1sTpzQhRCF6PLoN,Aff P M C_1,35
R_1sTpzQhRCF6PLoN,Neg C 0 D_1,65
R_1sTpzQhRCF6PLoN,Neg C C B_1,8
R_1sTpzQhRCF6PLoN,Neg C P B_1,80
R_1sTpzQhRCF6PLoN,Neg M 0 C_1,90
R_1sTpzQhRCF6PLoN,Neg M P D_1,95
R_1sTpzQhRCF6PLoN,Neg P C A_1,10
R_1sTpzQhRCF6PLoN,Neg P P A_1,0
R_1tcfHQIHTtPPwIC,Aff C 0 D_1,17
R_1tcfHQIHTtPPwIC,Aff C C C_1,30
R_1tcfHQIHTtPPwIC,Aff C P D_1,27
R_1tcfHQIHTtPPwIC,Aff M 0 E_1,14
R_1tcfHQIHTtPPwIC,Aff M C B_1,75
R_1tcfHQIHTtPPwIC,Aff P C C_1,79
R_1tcfHQIHTtPPwIC,Aff P P E_1,80
R_1tcfHQIHTtPPwIC,Neg C M D_1,23
R_1tcfHQIHTtPPwIC,Neg M C A_1,38
R_1tcfHQIHTtPPwIC,Neg M M A_1,20
R_1tcfHQIHTtPPwIC,Neg P 0 B_1,72
R_1tcfHQIHTtPPwIC,Neg P M E_1,31
R_1tu6u53vTcU36Td,Aff C 0 C_1,9
R_1tu6u53vTcU36Td,Aff C C B_1,83
R_1tu6u53vTcU36Td,Aff C P C_1,42
R_1tu6u53vTcU36Td,Aff M 0 D_1,13
R_1tu6u53vTcU36Td,Aff M C A_1,87
R_1tu6u53vTcU36Td,Aff P C B_1,64
R_1tu6u53vTcU36Td,Aff P P D_1,51
R_1tu6u53vTcU36Td,Neg C M B_1,45
R_1tu6u53vTcU36Td,Neg M C E_1,15
R_1tu6u53vTcU36Td,Neg M M E_1,23
R_1tu6u53vTcU36Td,Neg P 0 A_1,70
R_1tu6u53vTcU36Td,Neg P M D_1,58
R_1U35nvP7lpRQGQ1,Aff C 0 E_1,0
R_1U35nvP7lpRQGQ1,Aff C C D_1,49
R_1U35nvP7lpRQGQ1,Aff C P E_1,0
R_1U35nvP7lpRQGQ1,Aff M 0 A_1,0
R_1U35nvP7lpRQGQ1,Aff M C C_1,100
R_1U35nvP7lpRQGQ1,Aff P C D_1,8
R_1U35nvP7lpRQGQ1,Aff P P A_6,95
R_1U35nvP7lpRQGQ1,Neg C M C_1,10
R_1U35nvP7lpRQGQ1,Neg M C B_1,23
R_1U35nvP7lpRQGQ1,Neg M M B_1,2
R_1U35nvP7lpRQGQ1,Neg P 0 C_1,85
R_1U35nvP7lpRQGQ1,Neg P M A_1,87
R_1vyaeWl99pvLSQ9,Aff C 0 A_1,0
R_1vyaeWl99pvLSQ9,Aff C C E_1,98
R_1vyaeWl99pvLSQ9,Aff C P A_1,0
R_1vyaeWl99pvLSQ9,Aff M 0 B_1,0
R_1vyaeWl99pvLSQ9,Aff M C D_1,100
R_1vyaeWl99pvLSQ9,Aff P C E_1,98
R_1vyaeWl99pvLSQ9,Aff P P B_1,100
R_1vyaeWl99pvLSQ9,Neg C M E_1,95
R_1vyaeWl99pvLSQ9,Neg M C C_1,5
R_1vyaeWl99pvLSQ9,Neg M M C_1,0
R_1vyaeWl99pvLSQ9,Neg P 0 D_1,90
R_1vyaeWl99pvLSQ9,Neg P M B_1,85
R_1XcVYmG1gPl09Rb,Aff C M D_1,83
R_1XcVYmG1gPl09Rb,Aff M M E_1,100
R_1XcVYmG1gPl09Rb,Aff M P C_1,100
R_1XcVYmG1gPl09Rb,Aff P 0 D_1,0
R_1XcVYmG1gPl09Rb,Aff P M B_1,100
R_1XcVYmG1gPl09Rb,Neg C 0 C_1,0
R_1XcVYmG1gPl09Rb,Neg C C A_1,0
R_1XcVYmG1gPl09Rb,Neg C P A_1,100
R_1XcVYmG1gPl09Rb,Neg M 0 B_1,100
R_1XcVYmG1gPl09Rb,Neg M P C_1,100
R_1XcVYmG1gPl09Rb,Neg P C E_1,0
R_1XcVYmG1gPl09Rb,Neg P P E_1,0
R_1zGs2tUcRF7Qee5,Aff C M B_1,80
R_1zGs2tUcRF7Qee5,Aff M M C_1,95
R_1zGs2tUcRF7Qee5,Aff M P A_1,5
R_1zGs2tUcRF7Qee5,Aff P 0 B_1,90
R_1zGs2tUcRF7Qee5,Aff P M E_1,15
R_1zGs2tUcRF7Qee5,Neg C 0 A_1,80
R_1zGs2tUcRF7Qee5,Neg C C D_1,10
R_1zGs2tUcRF7Qee5,Neg C P D_1,5
R_1zGs2tUcRF7Qee5,Neg M 0 E_1,95
R_1zGs2tUcRF7Qee5,Neg M P A_1,90
R_1zGs2tUcRF7Qee5,Neg P C C_1,10
R_1zGs2tUcRF7Qee5,Neg P P C_1,0
R_33C0JNOcCcHxpDN,Aff C M C_1,19
R_33C0JNOcCcHxpDN,Aff M M D_1,100
R_33C0JNOcCcHxpDN,Aff M P B_1,0
R_33C0JNOcCcHxpDN,Aff P 0 C_1,75
R_33C0JNOcCcHxpDN,Aff P M A_1,82
R_33C0JNOcCcHxpDN,Neg C 0 B_1,100
R_33C0JNOcCcHxpDN,Neg C C E_1,100
R_33C0JNOcCcHxpDN,Neg C P E_1,0
R_33C0JNOcCcHxpDN,Neg M 0 A_1,0
R_33C0JNOcCcHxpDN,Neg M P B_1,100
R_33C0JNOcCcHxpDN,Neg P C D_1,100
R_33C0JNOcCcHxpDN,Neg P P D_1,0
R_36n00zwLG92o8AY,Aff C 0 A_1,12
R_36n00zwLG92o8AY,Aff C C E_1,40
R_36n00zwLG92o8AY,Aff C P A_1,35
R_36n00zwLG92o8AY,Aff M 0 B_1,100
R_36n00zwLG92o8AY,Aff M C D_1,56
R_36n00zwLG92o8AY,Aff P C E_1,8
R_36n00zwLG92o8AY,Aff P P B_1,15
R_36n00zwLG92o8AY,Neg C M E_1,62
R_36n00zwLG92o8AY,Neg M C C_1,0
R_36n00zwLG92o8AY,Neg M M C_1,0
R_36n00zwLG92o8AY,Neg P 0 D_1,42
R_36n00zwLG92o8AY,Neg P M B_1,77
R_38XIKjJdN5Sxr6V,Aff C M A_1,60
R_38XIKjJdN5Sxr6V,Aff M M B_1,100
R_38XIKjJdN5Sxr6V,Aff M P E_1,10
R_38XIKjJdN5Sxr6V,Aff P 0 A_1,55
R_38XIKjJdN5Sxr6V,Aff P M D_1,20
R_38XIKjJdN5Sxr6V,Neg C 0 E_1,10
R_38XIKjJdN5Sxr6V,Neg C C C_1,25
R_38XIKjJdN5Sxr6V,Neg C P C_1,20
R_38XIKjJdN5Sxr6V,Neg M 0 D_1,5
R_38XIKjJdN5Sxr6V,Neg M P E_1,5
R_38XIKjJdN5Sxr6V,Neg P C B_1,45
R_38XIKjJdN5Sxr6V,Neg P P B_1,45
R_3D03hDn4dPgGVFb,Aff C 0 B_1,20
R_3D03hDn4dPgGVFb,Aff C C A_1,4
R_3D03hDn4dPgGVFb,Aff C P B_1,39
R_3D03hDn4dPgGVFb,Aff M 0 C_1,50
R_3D03hDn4dPgGVFb,Aff M C E_1,65
R_3D03hDn4dPgGVFb,Aff P C A_1,51
R_3D03hDn4dPgGVFb,Aff P P C_1,14
R_3D03hDn4dPgGVFb,Neg C M A_1,4
R_3D03hDn4dPgGVFb,Neg M C D_1,3
R_3D03hDn4dPgGVFb,Neg M M D_1,64
R_3D03hDn4dPgGVFb,Neg P 0 E_1,65
R_3D03hDn4dPgGVFb,Neg P M C_1,60
R_3D7rCzMUyegfU03,Aff C M E_1,20
R_3D7rCzMUyegfU03,Aff M M A_1,44
R_3D7rCzMUyegfU03,Aff M P D_1,11
R_3D7rCzMUyegfU03,Aff P 0 E_1,25
R_3D7rCzMUyegfU03,Aff P M C_1,33
R_3D7rCzMUyegfU03,Neg C 0 D_1,0
R_3D7rCzMUyegfU03,Neg C C B_1,13
R_3D7rCzMUyegfU03,Neg C P B_1,7
R_3D7rCzMUyegfU03,Neg M 0 C_1,33
R_3D7rCzMUyegfU03,Neg M P D_1,24
R_3D7rCzMUyegfU03,Neg P C A_1,25
R_3D7rCzMUyegfU03,Neg P P A_1,37
R_3dKyBnnbFrhXiBb,Aff C 0 A_1,27
R_3dKyBnnbFrhXiBb,Aff C C E_1,75
R_3dKyBnnbFrhXiBb,Aff C P A_1,0
R_3dKyBnnbFrhXiBb,Aff M 0 B_1,0
R_3dKyBnnbFrhXiBb,Aff M C D_1,68
R_3dKyBnnbFrhXiBb,Aff P C E_1,5
R_3dKyBnnbFrhXiBb,Aff P P B_1,68
R_3dKyBnnbFrhXiBb,Neg C M E_1,0
R_3dKyBnnbFrhXiBb,Neg M C C_1,0
R_3dKyBnnbFrhXiBb,Neg M M C_1,0
R_3dKyBnnbFrhXiBb,Neg P 0 D_1,0
R_3dKyBnnbFrhXiBb,Neg P M B_1,70
R_3EWk0ZTiJT5xiNb,Aff C M C_1,0
R_3EWk0ZTiJT5xiNb,Aff M M D_1,89
R_3EWk0ZTiJT5xiNb,Aff M P B_1,6
R_3EWk0ZTiJT5xiNb,Aff P 0 C_1,0
R_3EWk0ZTiJT5xiNb,Aff P M A_1,0
R_3EWk0ZTiJT5xiNb,Neg C 0 B_1,100
R_3EWk0ZTiJT5xiNb,Neg C C E_1,100
R_3EWk0ZTiJT5xiNb,Neg C P E_1,100
R_3EWk0ZTiJT5xiNb,Neg M 0 A_1,100
R_3EWk0ZTiJT5xiNb,Neg M P B_1,100
R_3EWk0ZTiJT5xiNb,Neg P C D_1,100
R_3EWk0ZTiJT5xiNb,Neg P P D_1,100
R_3g1j6X4mISjPolM,Aff C M A_1,30
R_3g1j6X4mISjPolM,Aff M M B_1,90
R_3g1j6X4mISjPolM,Aff M P E_1,0
R_3g1j6X4mISjPolM,Aff P 0 A_1,0
R_3g1j6X4mISjPolM,Aff P M D_1,50
R_3g1j6X4mISjPolM,Neg C 0 E_1,100
R_3g1j6X4mISjPolM,Neg C C C_1,0
R_3g1j6X4mISjPolM,Neg C P C_1,87
R_3g1j6X4mISjPolM,Neg M 0 D_1,100
R_3g1j6X4mISjPolM,Neg M P E_1,30
R_3g1j6X4mISjPolM,Neg P C B_1,35
R_3g1j6X4mISjPolM,Neg P P B_1,20
R_3g6c7RprqCv8ane,Aff C 0 D_1,0
R_3g6c7RprqCv8ane,Aff C C C_1,0
R_3g6c7RprqCv8ane,Aff C P D_1,0
R_3g6c7RprqCv8ane,Aff M 0 E_1,0
R_3g6c7RprqCv8ane,Aff M C B_1,0
R_3g6c7RprqCv8ane,Aff P C C_1,81
R_3g6c7RprqCv8ane,Aff P P E_1,0
R_3g6c7RprqCv8ane,Neg C M D_1,0
R_3g6c7RprqCv8ane,Neg M C A_1,0
R_3g6c7RprqCv8ane,Neg M M A_1,0
R_3g6c7RprqCv8ane,Neg P 0 B_1,0
R_3g6c7RprqCv8ane,Neg P M E_1,100
R_3gZM5beZQuZlLUw,Aff C M E_1,33
R_3gZM5beZQuZlLUw,Aff M M A_1,26
R_3gZM5beZQuZlLUw,Aff M P D_1,6
R_3gZM5beZQuZlLUw,Aff P 0 E_1,0
R_3gZM5beZQuZlLUw,Aff P M C_1,3
R_3gZM5beZQuZlLUw,Neg C 0 D_1,7
R_3gZM5beZQuZlLUw,Neg C C B_1,0
R_3gZM5beZQuZlLUw,Neg C P B_1,22
R_3gZM5beZQuZlLUw,Neg M 0 C_1,12
R_3gZM5beZQuZlLUw,Neg M P D_1,22
R_3gZM5beZQuZlLUw,Neg P C A_1,24
R_3gZM5beZQuZlLUw,Neg P P A_1,0
R_3h0Ck3Ze2xqYSu8,Aff C 0 C_1,0
R_3h0Ck3Ze2xqYSu8,Aff C C B_1,20
R_3h0Ck3Ze2xqYSu8,Aff C P C_1,0
R_3h0Ck3Ze2xqYSu8,Aff M 0 D_1,0
R_3h0Ck3Ze2xqYSu8,Aff M C A_1,94
R_3h0Ck3Ze2xqYSu8,Aff P C B_1,100
R_3h0Ck3Ze2xqYSu8,Aff P P D_1,100
R_3h0Ck3Ze2xqYSu8,Neg C M B_1,0
R_3h0Ck3Ze2xqYSu8,Neg M C E_1,0
R_3h0Ck3Ze2xqYSu8,Neg M M E_1,0
R_3h0Ck3Ze2xqYSu8,Neg P 0 A_1,100
R_3h0Ck3Ze2xqYSu8,Neg P M D_1,9
R_3k21tmopxqBduzT,Aff C M C_1,87
R_3k21tmopxqBduzT,Aff M M D_1,27
R_3k21tmopxqBduzT,Aff M P B_1,34
R_3k21tmopxqBduzT,Aff P 0 C_1,42
R_3k21tmopxqBduzT,Aff P M A_1,41
R_3k21tmopxqBduzT,Neg C 0 B_1,98
R_3k21tmopxqBduzT,Neg C C E_1,45
R_3k21tmopxqBduzT,Neg C P E_1,65
R_3k21tmopxqBduzT,Neg M 0 A_1,96
R_3k21tmopxqBduzT,Neg M P B_1,60
R_3k21tmopxqBduzT,Neg P C D_1,36
R_3k21tmopxqBduzT,Neg P P D_1,65
R_3khok6qAkqjligu,Aff C M D_1,67
R_3khok6qAkqjligu,Aff M M E_1,84
R_3khok6qAkqjligu,Aff M P C_1,88
R_3khok6qAkqjligu,Aff P 0 D_1,0
R_3khok6qAkqjligu,Aff P M B_1,63
R_3khok6qAkqjligu,Neg C 0 C_1,96
R_3khok6qAkqjligu,Neg C C A_1,77
R_3khok6qAkqjligu,Neg C P A_1,93
R_3khok6qAkqjligu,Neg M 0 B_1,50
R_3khok6qAkqjligu,Neg M P C_1,85
R_3khok6qAkqjligu,Neg P C E_1,60
R_3khok6qAkqjligu,Neg P P E_1,6
R_3Mm4SHhyP0mPtvF,Aff C 0 B_1,0
R_3Mm4SHhyP0mPtvF,Aff C C A_1,83
R_3Mm4SHhyP0mPtvF,Aff C P B_1,29
R_3Mm4SHhyP0mPtvF,Aff M 0 C_1,21
R_3Mm4SHhyP0mPtvF,Aff M C E_1,98
R_3Mm4SHhyP0mPtvF,Aff P C A_1,83
R_3Mm4SHhyP0mPtvF,Aff P P C_1,85
R_3Mm4SHhyP0mPtvF,Neg C M A_1,97
R_3Mm4SHhyP0mPtvF,Neg M C D_1,29
R_3Mm4SHhyP0mPtvF,Neg M M D_1,28
R_3Mm4SHhyP0mPtvF,Neg P 0 E_1,100
R_3Mm4SHhyP0mPtvF,Neg P M C_1,91
R_3mO1esAG2OVAFSF,Aff C 0 D_1,0
R_3mO1esAG2OVAFSF,Aff C C C_1,100
R_3mO1esAG2OVAFSF,Aff C P D_1,4
R_3mO1esAG2OVAFSF,Aff M 0 E_1,0
R_3mO1esAG2OVAFSF,Aff M C B_1,98
R_3mO1esAG2OVAFSF,Aff P C C_1,99
R_3mO1esAG2OVAFSF,Aff P P E_1,100
R_3mO1esAG2OVAFSF,Neg C M D_1,0
R_3mO1esAG2OVAFSF,Neg M C A_1,0
R_3mO1esAG2OVAFSF,Neg M M A_1,73
R_3mO1esAG2OVAFSF,Neg P 0 B_1,100
R_3mO1esAG2OVAFSF,Neg P M E_1,29
R_3NCHBltWszPREUS,Aff C 0 D_1,0
R_3NCHBltWszPREUS,Aff C C C_1,100
R_3NCHBltWszPREUS,Aff C P D_1,4
R_3NCHBltWszPREUS,Aff M 0 E_1,0
R_3NCHBltWszPREUS,Aff M C B_1,67
R_3NCHBltWszPREUS,Aff P C C_1,89
R_3NCHBltWszPREUS,Aff P P E_1,96
R_3NCHBltWszPREUS,Neg C M D_1,2
R_3NCHBltWszPREUS,Neg M C A_1,35
R_3NCHBltWszPREUS,Neg M M A_1,8
R_3NCHBltWszPREUS,Neg P 0 B_1,50
R_3NCHBltWszPREUS,Neg P M E_1,25
R_3NF1hs33uoRQuMW,Aff C 0 C_1,29
R_3NF1hs33uoRQuMW,Aff C C B_1,61
R_3NF1hs33uoRQuMW,Aff C P C_1,48
R_3NF1hs33uoRQuMW,Aff M 0 D_1,58
R_3NF1hs33uoRQuMW,Aff M C A_1,30
R_3NF1hs33uoRQuMW,Aff P C B_1,79
R_3NF1hs33uoRQuMW,Aff P P D_1,67
R_3NF1hs33uoRQuMW,Neg C M B_1,34
R_3NF1hs33uoRQuMW,Neg M C E_1,31
R_3NF1hs33uoRQuMW,Neg M M E_1,29
R_3NF1hs33uoRQuMW,Neg P 0 A_1,30
R_3NF1hs33uoRQuMW,Neg P M D_1,13
R_3oL1XQ66JmPaOTn,Aff C 0 E_1,0
R_3oL1XQ66JmPaOTn,Aff C C D_1,60
R_3oL1XQ66JmPaOTn,Aff C P E_1,0
R_3oL1XQ66JmPaOTn,Aff M 0 A_1,0
R_3oL1XQ66JmPaOTn,Aff M C C_1,100
R_3oL1XQ66JmPaOTn,Aff P C D_1,0
R_3oL1XQ66JmPaOTn,Aff P P A_6,100
R_3oL1XQ66JmPaOTn,Neg C M C_1,0
R_3oL1XQ66JmPaOTn,Neg M C B_1,2
R_3oL1XQ66JmPaOTn,Neg M M B_1,0
R_3oL1XQ66JmPaOTn,Neg P 0 C_1,99
R_3oL1XQ66JmPaOTn,Neg P M A_1,0
R_3pDNLswbXu5zhOA,Aff C 0 E_1,32
R_3pDNLswbXu5zhOA,Aff C C D_1,85
R_3pDNLswbXu5zhOA,Aff C P E_1,7
R_3pDNLswbXu5zhOA,Aff M 0 A_1,84
R_3pDNLswbXu5zhOA,Aff M C C_1,75
R_3pDNLswbXu5zhOA,Aff P C D_1,16
R_3pDNLswbXu5zhOA,Aff P P A_6,97
R_3pDNLswbXu5zhOA,Neg C M C_1,18
R_3pDNLswbXu5zhOA,Neg M C B_1,28
R_3pDNLswbXu5zhOA,Neg M M B_1,63
R_3pDNLswbXu5zhOA,Neg P 0 C_1,93
R_3pDNLswbXu5zhOA,Neg P M A_1,92
R_3PF6T2eP6IZCt9D,Aff C 0 A_1,44
R_3PF6T2eP6IZCt9D,Aff C C E_1,91
R_3PF6T2eP6IZCt9D,Aff C P A_1,84
R_3PF6T2eP6IZCt9D,Aff M 0 B_1,81
R_3PF6T2eP6IZCt9D,Aff M C D_1,79
R_3PF6T2eP6IZCt9D,Aff P C E_1,85
R_3PF6T2eP6IZCt9D,Aff P P B_1,84
R_3PF6T2eP6IZCt9D,Neg C M E_1,81
R_3PF6T2eP6IZCt9D,Neg M C C_1,41
R_3PF6T2eP6IZCt9D,Neg M M C_1,42
R_3PF6T2eP6IZCt9D,Neg P 0 D_1,24
R_3PF6T2eP6IZCt9D,Neg P M B_1,85
R_3pgtMaWRyMhlUlf,Aff C 0 E_1,1
R_3pgtMaWRyMhlUlf,Aff C C D_1,69
R_3pgtMaWRyMhlUlf,Aff C P E_1,26
R_3pgtMaWRyMhlUlf,Aff M 0 A_1,0
R_3pgtMaWRyMhlUlf,Aff M C C_1,100
R_3pgtMaWRyMhlUlf,Aff P C D_1,55
R_3pgtMaWRyMhlUlf,Aff P P A_6,100
R_3pgtMaWRyMhlUlf,Neg C M C_1,36
R_3pgtMaWRyMhlUlf,Neg M C B_1,0
R_3pgtMaWRyMhlUlf,Neg M M B_1,7
R_3pgtMaWRyMhlUlf,Neg P 0 C_1,78
R_3pgtMaWRyMhlUlf,Neg P M A_1,57
R_3prmiK6OEgND8kG,Aff C 0 C_1,0
R_3prmiK6OEgND8kG,Aff C C B_1,71
R_3prmiK6OEgND8kG,Aff C P C_1,100
R_3prmiK6OEgND8kG,Aff M 0 D_1,0
R_3prmiK6OEgND8kG,Aff M C A_1,90
R_3prmiK6OEgND8kG,Aff P C B_1,100
R_3prmiK6OEgND8kG,Aff P P D_1,100
R_3prmiK6OEgND8kG,Neg C M B_1,0
R_3prmiK6OEgND8kG,Neg M C E_1,0
R_3prmiK6OEgND8kG,Neg M M E_1,0
R_3prmiK6OEgND8kG,Neg P 0 A_1,91
R_3prmiK6OEgND8kG,Neg P M D_1,18
R_3q4qdvTFplxKOcx,Aff C 0 E_1,27
R_3q4qdvTFplxKOcx,Aff C C D_1,39
R_3q4qdvTFplxKOcx,Aff C P E_1,0
R_3q4qdvTFplxKOcx,Aff M 0 A_1,27
R_3q4qdvTFplxKOcx,Aff M C C_1,100
R_3q4qdvTFplxKOcx,Aff P C D_1,82
R_3q4qdvTFplxKOcx,Aff P P A_6,100
R_3q4qdvTFplxKOcx,Neg C M C_1,14
R_3q4qdvTFplxKOcx,Neg M C B_1,0
R_3q4qdvTFplxKOcx,Neg M M B_1,0
R_3q4qdvTFplxKOcx,Neg P 0 C_1,74
R_3q4qdvTFplxKOcx,Neg P M A_1,30
R_3QA5du6iC51g2Pv,Aff C 0 C_1,0
R_3QA5du6iC51g2Pv,Aff C C B_1,100
R_3QA5du6iC51g2Pv,Aff C P C_1,76
R_3QA5du6iC51g2Pv,Aff M 0 D_1,0
R_3QA5du6iC51g2Pv,Aff M C A_1,100
R_3QA5du6iC51g2Pv,Aff P C B_1,100
R_3QA5du6iC51g2Pv,Aff P P D_1,14
R_3QA5du6iC51g2Pv,Neg C M B_1,24
R_3QA5du6iC51g2Pv,Neg M C E_1,0
R_3QA5du6iC51g2Pv,Neg M M E_1,0
R_3QA5du6iC51g2Pv,Neg P 0 A_1,0
R_3QA5du6iC51g2Pv,Neg P M D_1,21
R_3qNCpivyQkdgkuJ,Aff C M B_1,0
R_3qNCpivyQkdgkuJ,Aff M M C_1,58
R_3qNCpivyQkdgkuJ,Aff M P A_1,80
R_3qNCpivyQkdgkuJ,Aff P 0 B_1,29
R_3qNCpivyQkdgkuJ,Aff P M E_1,27
R_3qNCpivyQkdgkuJ,Neg C 0 A_1,23
R_3qNCpivyQkdgkuJ,Neg C C D_1,0
R_3qNCpivyQkdgkuJ,Neg C P D_1,31
R_3qNCpivyQkdgkuJ,Neg M 0 E_1,74
R_3qNCpivyQkdgkuJ,Neg M P A_1,60
R_3qNCpivyQkdgkuJ,Neg P C C_1,18
R_3qNCpivyQkdgkuJ,Neg P P C_1,10
R_3rwO1GpzIOZYmgK,Aff C M E_1,87
R_3rwO1GpzIOZYmgK,Aff M M A_1,91
R_3rwO1GpzIOZYmgK,Aff M P D_1,39
R_3rwO1GpzIOZYmgK,Aff P 0 E_1,50
R_3rwO1GpzIOZYmgK,Aff P M C_1,62
R_3rwO1GpzIOZYmgK,Neg C 0 D_1,12
R_3rwO1GpzIOZYmgK,Neg C C B_1,0
R_3rwO1GpzIOZYmgK,Neg C P B_1,75
R_3rwO1GpzIOZYmgK,Neg M 0 C_1,92
R_3rwO1GpzIOZYmgK,Neg M P D_1,80
R_3rwO1GpzIOZYmgK,Neg P C A_1,21
R_3rwO1GpzIOZYmgK,Neg P P A_1,14
R_3sVaMyrnXwdJHGh,Aff C M E_1,65
R_3sVaMyrnXwdJHGh,Aff M M A_1,100
R_3sVaMyrnXwdJHGh,Aff M P D_1,0
R_3sVaMyrnXwdJHGh,Aff P 0 E_1,0
R_3sVaMyrnXwdJHGh,Aff P M C_1,60
R_3sVaMyrnXwdJHGh,Neg C 0 D_1,11
R_3sVaMyrnXwdJHGh,Neg C C B_1,4
R_3sVaMyrnXwdJHGh,Neg C P B_1,83
R_3sVaMyrnXwdJHGh,Neg M 0 C_1,66
R_3sVaMyrnXwdJHGh,Neg M P D_1,89
R_3sVaMyrnXwdJHGh,Neg P C A_1,0
R_3sVaMyrnXwdJHGh,Neg P P A_1,0
R_3tL80t5XEWxqRH2,Aff C M E_1,30
R_3tL80t5XEWxqRH2,Aff M M A_1,100
R_3tL80t5XEWxqRH2,Aff M P D_1,90
R_3tL80t5XEWxqRH2,Aff P 0 E_1,85
R_3tL80t5XEWxqRH2,Aff P M C_1,18
R_3tL80t5XEWxqRH2,Neg C 0 D_1,9
R_3tL80t5XEWxqRH2,Neg C C B_1,75
R_3tL80t5XEWxqRH2,Neg C P B_1,20
R_3tL80t5XEWxqRH2,Neg M 0 C_1,73
R_3tL80t5XEWxqRH2,Neg M P D_1,30
R_3tL80t5XEWxqRH2,Neg P C A_1,41
R_3tL80t5XEWxqRH2,Neg P P A_1,34
R_3Ugb2UF7kqa2j4v,Aff C M E_1,60
R_3Ugb2UF7kqa2j4v,Aff M M A_1,85
R_3Ugb2UF7kqa2j4v,Aff M P D_1,17
R_3Ugb2UF7kqa2j4v,Aff P 0 E_1,18
R_3Ugb2UF7kqa2j4v,Aff P M C_1,41
R_3Ugb2UF7kqa2j4v,Neg C 0 D_1,66
R_3Ugb2UF7kqa2j4v,Neg C C B_1,15
R_3Ugb2UF7kqa2j4v,Neg C P B_1,95
R_3Ugb2UF7kqa2j4v,Neg M 0 C_1,12
R_3Ugb2UF7kqa2j4v,Neg M P D_1,95
R_3Ugb2UF7kqa2j4v,Neg P C A_1,32
R_3Ugb2UF7kqa2j4v,Neg P P A_1,12
R_3W36ibWj2XleKul,Aff C M A_1,14
R_3W36ibWj2XleKul,Aff M M B_1,100
R_3W36ibWj2XleKul,Aff M P E_1,0
R_3W36ibWj2XleKul,Aff P 0 A_1,0
R_3W36ibWj2XleKul,Aff P M D_1,90
R_3W36ibWj2XleKul,Neg C 0 E_1,100
R_3W36ibWj2XleKul,Neg C C C_1,0
R_3W36ibWj2XleKul,Neg C P C_1,100
R_3W36ibWj2XleKul,Neg M 0 D_1,100
R_3W36ibWj2XleKul,Neg M P E_1,100
R_3W36ibWj2XleKul,Neg P C B_1,0
R_3W36ibWj2XleKul,Neg P P B_1,0
R_3zBztVfIw5AYBuE,Aff C 0 E_1,59
R_3zBztVfIw5AYBuE,Aff C C D_1,52
R_3zBztVfIw5AYBuE,Aff C P E_1,58
R_3zBztVfIw5AYBuE,Aff M 0 A_1,69
R_3zBztVfIw5AYBuE,Aff M C C_1,71
R_3zBztVfIw5AYBuE,Aff P C D_1,49
R_3zBztVfIw5AYBuE,Aff P P A_6,58
R_3zBztVfIw5AYBuE,Neg C M C_1,5
R_3zBztVfIw5AYBuE,Neg M C B_1,16
R_3zBztVfIw5AYBuE,Neg M M B_1,10
R_3zBztVfIw5AYBuE,Neg P 0 C_1,1
R_3zBztVfIw5AYBuE,Neg P M A_1,7
R_510hSui9OQiAeZj,Aff C 0 D_1,0
R_510hSui9OQiAeZj,Aff C C C_1,100
R_510hSui9OQiAeZj,Aff C P D_1,88
R_510hSui9OQiAeZj,Aff M 0 E_1,3
R_510hSui9OQiAeZj,Aff M C B_1,97
R_510hSui9OQiAeZj,Aff P C C_1,93
R_510hSui9OQiAeZj,Aff P P E_1,100
R_510hSui9OQiAeZj,Neg C M D_1,90
R_510hSui9OQiAeZj,Neg M C A_1,5
R_510hSui9OQiAeZj,Neg M M A_1,50
R_510hSui9OQiAeZj,Neg P 0 B_1,0
R_510hSui9OQiAeZj,Neg P M E_1,73
R_537MEcBf5zk04mn,Aff C M A_1,50
R_537MEcBf5zk04mn,Aff M M B_1,80
R_537MEcBf5zk04mn,Aff M P E_1,0
R_537MEcBf5zk04mn,Aff P 0 A_1,10
R_537MEcBf5zk04mn,Aff P M D_1,50
R_537MEcBf5zk04mn,Neg C 0 E_1,95
R_537MEcBf5zk04mn,Neg C C C_1,0
R_537MEcBf5zk04mn,Neg C P C_1,60
R_537MEcBf5zk04mn,Neg M 0 D_1,76
R_537MEcBf5zk04mn,Neg M P E_1,92
R_537MEcBf5zk04mn,Neg P C B_1,5
R_537MEcBf5zk04mn,Neg P P B_1,0
R_55zPrqs4qSgjBhf,Aff C 0 D_1,26
R_55zPrqs4qSgjBhf,Aff C C C_1,60
R_55zPrqs4qSgjBhf,Aff C P D_1,25
R_55zPrqs4qSgjBhf,Aff M 0 E_1,29
R_55zPrqs4qSgjBhf,Aff M C B_1,67
R_55zPrqs4qSgjBhf,Aff P C C_1,30
R_55zPrqs4qSgjBhf,Aff P P E_1,36
R_55zPrqs4qSgjBhf,Neg C M D_1,40
R_55zPrqs4qSgjBhf,Neg M C A_1,25
R_55zPrqs4qSgjBhf,Neg M M A_1,35
R_55zPrqs4qSgjBhf,Neg P 0 B_1,31
R_55zPrqs4qSgjBhf,Neg P M E_1,23
R_5ewpTiL9emKTsJr,Aff C 0 B_1,89
R_5ewpTiL9emKTsJr,Aff C C A_1,12
R_5ewpTiL9emKTsJr,Aff C P B_1,85
R_5ewpTiL9emKTsJr,Aff M 0 C_1,95
R_5ewpTiL9emKTsJr,Aff M C E_1,95
R_5ewpTiL9emKTsJr,Aff P C A_1,11
R_5ewpTiL9emKTsJr,Aff P P C_1,81
R_5ewpTiL9emKTsJr,Neg C M A_1,4
R_5ewpTiL9emKTsJr,Neg M C D_1,18
R_5ewpTiL9emKTsJr,Neg M M D_1,0
R_5ewpTiL9emKTsJr,Neg P 0 E_1,6
R_5ewpTiL9emKTsJr,Neg P M C_1,7
R_5G2MLxoCH3hN2fd,Aff C M A_1,69
R_5G2MLxoCH3hN2fd,Aff M M B_1,100
R_5G2MLxoCH3hN2fd,Aff M P E_1,25
R_5G2MLxoCH3hN2fd,Aff P 0 A_1,76
R_5G2MLxoCH3hN2fd,Aff P M D_1,77
R_5G2MLxoCH3hN2fd,Neg C 0 E_1,12
R_5G2MLxoCH3hN2fd,Neg C C C_1,7
R_5G2MLxoCH3hN2fd,Neg C P C_1,11
R_5G2MLxoCH3hN2fd,Neg M 0 D_1,9
R_5G2MLxoCH3hN2fd,Neg M P E_1,56
R_5G2MLxoCH3hN2fd,Neg P C B_1,20
R_5G2MLxoCH3hN2fd,Neg P P B_1,9
R_5hfmaUs7wFVdLhI,Aff C 0 A_1,0
R_5hfmaUs7wFVdLhI,Aff C C E_1,100
R_5hfmaUs7wFVdLhI,Aff C P A_1,0
R_5hfmaUs7wFVdLhI,Aff M 0 B_1,0
R_5hfmaUs7wFVdLhI,Aff M C D_1,83
R_5hfmaUs7wFVdLhI,Aff P C E_1,68
R_5hfmaUs7wFVdLhI,Aff P P B_1,90
R_5hfmaUs7wFVdLhI,Neg C M E_1,8
R_5hfmaUs7wFVdLhI,Neg M C C_1,0
R_5hfmaUs7wFVdLhI,Neg M M C_1,0
R_5hfmaUs7wFVdLhI,Neg P 0 D_1,13
R_5hfmaUs7wFVdLhI,Neg P M B_1,75
R_5iJV2vuZBQANKQ4,Aff C 0 A_1,0
R_5iJV2vuZBQANKQ4,Aff C C E_1,5
R_5iJV2vuZBQANKQ4,Aff C P A_1,0
R_5iJV2vuZBQANKQ4,Aff M 0 B_1,15
R_5iJV2vuZBQANKQ4,Aff M C D_1,52
R_5iJV2vuZBQANKQ4,Aff P C E_1,51
R_5iJV2vuZBQANKQ4,Aff P P B_1,45
R_5iJV2vuZBQANKQ4,Neg C M E_1,0
R_5iJV2vuZBQANKQ4,Neg M C C_1,15
R_5iJV2vuZBQANKQ4,Neg M M C_1,25
R_5iJV2vuZBQANKQ4,Neg P 0 D_1,3
R_5iJV2vuZBQANKQ4,Neg P M B_1,10
R_5irgvz8M2eSwP2m,Aff C M E_1,100
R_5irgvz8M2eSwP2m,Aff M M A_1,100
R_5irgvz8M2eSwP2m,Aff M P D_1,0
R_5irgvz8M2eSwP2m,Aff P 0 E_1,0
R_5irgvz8M2eSwP2m,Aff P M C_1,0
R_5irgvz8M2eSwP2m,Neg C 0 D_1,100
R_5irgvz8M2eSwP2m,Neg C C B_1,0
R_5irgvz8M2eSwP2m,Neg C P B_1,100
R_5irgvz8M2eSwP2m,Neg M 0 C_1,100
R_5irgvz8M2eSwP2m,Neg M P D_1,100
R_5irgvz8M2eSwP2m,Neg P C A_1,0
R_5irgvz8M2eSwP2m,Neg P P A_1,0
R_5JtCFeMiFUs79jb,Aff C 0 B_1,0
R_5JtCFeMiFUs79jb,Aff C C A_1,100
R_5JtCFeMiFUs79jb,Aff C P B_1,0
R_5JtCFeMiFUs79jb,Aff M 0 C_1,0
R_5JtCFeMiFUs79jb,Aff M C E_1,100
R_5JtCFeMiFUs79jb,Aff P C A_1,0
R_5JtCFeMiFUs79jb,Aff P P C_1,100
R_5JtCFeMiFUs79jb,Neg C M A_1,100
R_5JtCFeMiFUs79jb,Neg M C D_1,100
R_5JtCFeMiFUs79jb,Neg M M D_1,0
R_5JtCFeMiFUs79jb,Neg P 0 E_1,100
R_5JtCFeMiFUs79jb,Neg P M C_1,100
R_5kuqp7eIqtzLAYg,Aff C M B_1,84
R_5kuqp7eIqtzLAYg,Aff M M C_1,100
R_5kuqp7eIqtzLAYg,Aff M P A_1,0
R_5kuqp7eIqtzLAYg,Aff P 0 B_1,100
R_5kuqp7eIqtzLAYg,Aff P M E_1,0
R_5kuqp7eIqtzLAYg,Neg C 0 A_1,100
R_5kuqp7eIqtzLAYg,Neg C C D_1,19
R_5kuqp7eIqtzLAYg,Neg C P D_1,93
R_5kuqp7eIqtzLAYg,Neg M 0 E_1,100
R_5kuqp7eIqtzLAYg,Neg M P A_1,100
R_5kuqp7eIqtzLAYg,Neg P C C_1,0
R_5kuqp7eIqtzLAYg,Neg P P C_1,0
R_5lbejDxJC6yFIJa,Aff C 0 A_1,0
R_5lbejDxJC6yFIJa,Aff C C E_1,71
R_5lbejDxJC6yFIJa,Aff C P A_1,1
R_5lbejDxJC6yFIJa,Aff M 0 B_1,1
R_5lbejDxJC6yFIJa,Aff M C D_1,72
R_5lbejDxJC6yFIJa,Aff P C E_1,65
R_5lbejDxJC6yFIJa,Aff P P B_1,90
R_5lbejDxJC6yFIJa,Neg C M E_1,0
R_5lbejDxJC6yFIJa,Neg M C C_1,0
R_5lbejDxJC6yFIJa,Neg M M C_1,21
R_5lbejDxJC6yFIJa,Neg P 0 D_1,0
R_5lbejDxJC6yFIJa,Neg P M B_1,2
R_5LET2aXLVC87Djj,Aff C 0 D_1,8
R_5LET2aXLVC87Djj,Aff C C C_1,30
R_5LET2aXLVC87Djj,Aff C P D_1,16
R_5LET2aXLVC87Djj,Aff M 0 E_1,10
R_5LET2aXLVC87Djj,Aff M C B_1,84
R_5LET2aXLVC87Djj,Aff P C C_1,66
R_5LET2aXLVC87Djj,Aff P P E_1,80
R_5LET2aXLVC87Djj,Neg C M D_1,21
R_5LET2aXLVC87Djj,Neg M C A_1,31
R_5LET2aXLVC87Djj,Neg M M A_1,27
R_5LET2aXLVC87Djj,Neg P 0 B_1,35
R_5LET2aXLVC87Djj,Neg P M E_1,25
R_5m80TIWUb7kVmVF,Aff C M E_1,100
R_5m80TIWUb7kVmVF,Aff M M A_1,100
R_5m80TIWUb7kVmVF,Aff M P D_1,0
R_5m80TIWUb7kVmVF,Aff P 0 E_1,0
R_5m80TIWUb7kVmVF,Aff P M C_1,33
R_5m80TIWUb7kVmVF,Neg C 0 D_1,100
R_5m80TIWUb7kVmVF,Neg C C B_1,0
R_5m80TIWUb7kVmVF,Neg C P B_1,100
R_5m80TIWUb7kVmVF,Neg M 0 C_1,100
R_5m80TIWUb7kVmVF,Neg M P D_1,100
R_5m80TIWUb7kVmVF,Neg P C A_1,0
R_5m80TIWUb7kVmVF,Neg P P A_1,100
R_5NgquRXO0iwNLrx,Aff C M D_1,50
R_5NgquRXO0iwNLrx,Aff M M E_1,100
R_5NgquRXO0iwNLrx,Aff M P C_1,90
R_5NgquRXO0iwNLrx,Aff P 0 D_1,0
R_5NgquRXO0iwNLrx,Aff P M B_1,50
R_5NgquRXO0iwNLrx,Neg C 0 C_1,90
R_5NgquRXO0iwNLrx,Neg C C A_1,85
R_5NgquRXO0iwNLrx,Neg C P A_1,90
R_5NgquRXO0iwNLrx,Neg M 0 B_1,20
R_5NgquRXO0iwNLrx,Neg M P C_1,15
R_5NgquRXO0iwNLrx,Neg P C E_1,50
R_5NgquRXO0iwNLrx,Neg P P E_1,0
R_5PAyJy8zy0wKe9c,Aff C M E_1,40
R_5PAyJy8zy0wKe9c,Aff M M A_1,44
R_5PAyJy8zy0wKe9c,Aff M P D_1,6
R_5PAyJy8zy0wKe9c,Aff P 0 E_1,16
R_5PAyJy8zy0wKe9c,Aff P M C_1,23
R_5PAyJy8zy0wKe9c,Neg C 0 D_1,23
R_5PAyJy8zy0wKe9c,Neg C C B_1,17
R_5PAyJy8zy0wKe9c,Neg C P B_1,31
R_5PAyJy8zy0wKe9c,Neg M 0 C_1,57
R_5PAyJy8zy0wKe9c,Neg M P D_1,56
R_5PAyJy8zy0wKe9c,Neg P C A_1,38
R_5PAyJy8zy0wKe9c,Neg P P A_1,51
R_5pmWyYNY7vta3Jz,Aff C M A_1,65
R_5pmWyYNY7vta3Jz,Aff M M B_1,86
R_5pmWyYNY7vta3Jz,Aff M P E_1,11
R_5pmWyYNY7vta3Jz,Aff P 0 A_1,10
R_5pmWyYNY7vta3Jz,Aff P M D_1,35
R_5pmWyYNY7vta3Jz,Neg C 0 E_1,80
R_5pmWyYNY7vta3Jz,Neg C C C_1,6
R_5pmWyYNY7vta3Jz,Neg C P C_1,15
R_5pmWyYNY7vta3Jz,Neg M 0 D_1,92
R_5pmWyYNY7vta3Jz,Neg M P E_1,84
R_5pmWyYNY7vta3Jz,Neg P C B_1,15
R_5pmWyYNY7vta3Jz,Neg P P B_1,7
R_5ql2ZOiFOJbbz5s,Aff C 0 D_1,0
R_5ql2ZOiFOJbbz5s,Aff C C C_1,30
R_5ql2ZOiFOJbbz5s,Aff C P D_1,0
R_5ql2ZOiFOJbbz5s,Aff M 0 E_1,0
R_5ql2ZOiFOJbbz5s,Aff M C B_1,70
R_5ql2ZOiFOJbbz5s,Aff P C C_1,90
R_5ql2ZOiFOJbbz5s,Aff P P E_1,95
R_5ql2ZOiFOJbbz5s,Neg C M D_1,0
R_5ql2ZOiFOJbbz5s,Neg M C A_1,5
R_5ql2ZOiFOJbbz5s,Neg M M A_1,10
R_5ql2ZOiFOJbbz5s,Neg P 0 B_1,5
R_5ql2ZOiFOJbbz5s,Neg P M E_1,10
R_5rjihdv55LC5ZJg,Aff C 0 A_1,8
R_5rjihdv55LC5ZJg,Aff C C E_1,100
R_5rjihdv55LC5ZJg,Aff C P A_1,0
R_5rjihdv55LC5ZJg,Aff M 0 B_1,0
R_5rjihdv55LC5ZJg,Aff M C D_1,95
R_5rjihdv55LC5ZJg,Aff P C E_1,100
R_5rjihdv55LC5ZJg,Aff P P B_1,100
R_5rjihdv55LC5ZJg,Neg C M E_1,0
R_5rjihdv55LC5ZJg,Neg M C C_1,0
R_5rjihdv55LC5ZJg,Neg M M C_1,0
R_5rjihdv55LC5ZJg,Neg P 0 D_1,84
R_5rjihdv55LC5ZJg,Neg P M B_1,100
R_5Rq2zzx6cT6vLW4,Aff C 0 B_1,0
R_5Rq2zzx6cT6vLW4,Aff C C A_1,100
R_5Rq2zzx6cT6vLW4,Aff C P B_1,0
R_5Rq2zzx6cT6vLW4,Aff M 0 C_1,0
R_5Rq2zzx6cT6vLW4,Aff M C E_1,100
R_5Rq2zzx6cT6vLW4,Aff P C A_1,81
R_5Rq2zzx6cT6vLW4,Aff P P C_1,100
R_5Rq2zzx6cT6vLW4,Neg C M A_1,0
R_5Rq2zzx6cT6vLW4,Neg M C D_1,89
R_5Rq2zzx6cT6vLW4,Neg M M D_1,50
R_5Rq2zzx6cT6vLW4,Neg P 0 E_1,100
R_5Rq2zzx6cT6vLW4,Neg P M C_1,100
R_5rv21IBCVvMjtxP,Aff C M B_1,77
R_5rv21IBCVvMjtxP,Aff M M C_1,100
R_5rv21IBCVvMjtxP,Aff M P A_1,51
R_5rv21IBCVvMjtxP,Aff P 0 B_1,78
R_5rv21IBCVvMjtxP,Aff P M E_1,12
R_5rv21IBCVvMjtxP,Neg C 0 A_1,16
R_5rv21IBCVvMjtxP,Neg C C D_1,0
R_5rv21IBCVvMjtxP,Neg C P D_1,27
R_5rv21IBCVvMjtxP,Neg M 0 E_1,60
R_5rv21IBCVvMjtxP,Neg M P A_1,32
R_5rv21IBCVvMjtxP,Neg P C C_1,11
R_5rv21IBCVvMjtxP,Neg P P C_1,0
R_5rww8XsFsMGaKz0,Aff C 0 C_1,0
R_5rww8XsFsMGaKz0,Aff C C B_1,100
R_5rww8XsFsMGaKz0,Aff C P C_1,0
R_5rww8XsFsMGaKz0,Aff M 0 D_1,0
R_5rww8XsFsMGaKz0,Aff M C A_1,76
R_5rww8XsFsMGaKz0,Aff P C B_1,100
R_5rww8XsFsMGaKz0,Aff P P D_1,100
R_5rww8XsFsMGaKz0,Neg C M B_1,4
R_5rww8XsFsMGaKz0,Neg M C E_1,0
R_5rww8XsFsMGaKz0,Neg M M E_1,0
R_5rww8XsFsMGaKz0,Neg P 0 A_1,100
R_5rww8XsFsMGaKz0,Neg P M D_1,29
R_5TTfCPdqYISGozD,Aff C 0 A_1,60
R_5TTfCPdqYISGozD,Aff C C E_1,60
R_5TTfCPdqYISGozD,Aff C P A_1,60
R_5TTfCPdqYISGozD,Aff M 0 B_1,70
R_5TTfCPdqYISGozD,Aff M C D_1,50
R_5TTfCPdqYISGozD,Aff P C E_1,60
R_5TTfCPdqYISGozD,Aff P P B_1,60
R_5TTfCPdqYISGozD,Neg C M E_1,45
R_5TTfCPdqYISGozD,Neg M C C_1,60
R_5TTfCPdqYISGozD,Neg M M C_1,60
R_5TTfCPdqYISGozD,Neg P 0 D_1,45
R_5TTfCPdqYISGozD,Neg P M B_1,45
R_5Wuqm1Xv3asYthv,Aff C 0 E_1,80
R_5Wuqm1Xv3asYthv,Aff C C D_1,0
R_5Wuqm1Xv3asYthv,Aff C P E_1,31
R_5Wuqm1Xv3asYthv,Aff M 0 A_1,100
R_5Wuqm1Xv3asYthv,Aff M C C_1,85
R_5Wuqm1Xv3asYthv,Aff P C D_1,59
R_5Wuqm1Xv3asYthv,Aff P P A_6,100
R_5Wuqm1Xv3asYthv,Neg C M C_1,33
R_5Wuqm1Xv3asYthv,Neg M C B_1,49
R_5Wuqm1Xv3asYthv,Neg M M B_1,70
R_5Wuqm1Xv3asYthv,Neg P 0 C_1,100
R_5Wuqm1Xv3asYthv,Neg P M A_1,100
R_5YfXsad5ZwgYjz1,Aff C 0 E_1,12
R_5YfXsad5ZwgYjz1,Aff C C D_1,22
R_5YfXsad5ZwgYjz1,Aff C P E_1,12
R_5YfXsad5ZwgYjz1,Aff M 0 A_1,69
R_5YfXsad5ZwgYjz1,Aff M C C_1,71
R_5YfXsad5ZwgYjz1,Aff P C D_1,6
R_5YfXsad5ZwgYjz1,Aff P P A_6,55
R_5YfXsad5ZwgYjz1,Neg C M C_1,67
R_5YfXsad5ZwgYjz1,Neg M C B_1,14
R_5YfXsad5ZwgYjz1,Neg M M B_1,6
R_5YfXsad5ZwgYjz1,Neg P 0 C_1,68
R_5YfXsad5ZwgYjz1,Neg P M A_1,63
R_60bZ2nsafHMuO3o,Aff C M A_1,67
R_60bZ2nsafHMuO3o,Aff M M B_1,82
R_60bZ2nsafHMuO3o,Aff M P E_1,0
R_60bZ2nsafHMuO3o,Aff P 0 A_1,0
R_60bZ2nsafHMuO3o,Aff P M D_1,33
R_60bZ2nsafHMuO3o,Neg C 0 E_1,43
R_60bZ2nsafHMuO3o,Neg C C C_1,0
R_60bZ2nsafHMuO3o,Neg C P C_1,61
R_60bZ2nsafHMuO3o,Neg M 0 D_1,60
R_60bZ2nsafHMuO3o,Neg M P E_1,55
R_60bZ2nsafHMuO3o,Neg P C B_1,0
R_60bZ2nsafHMuO3o,Neg P P B_1,0
R_6D7k4PfL96jZOPD,Aff C M E_1,59
R_6D7k4PfL96jZOPD,Aff M M A_1,91
R_6D7k4PfL96jZOPD,Aff M P D_1,1
R_6D7k4PfL96jZOPD,Aff P 0 E_1,1
R_6D7k4PfL96jZOPD,Aff P M C_1,50
R_6D7k4PfL96jZOPD,Neg C 0 D_1,47
R_6D7k4PfL96jZOPD,Neg C C B_1,2
R_6D7k4PfL96jZOPD,Neg C P B_1,70
R_6D7k4PfL96jZOPD,Neg M 0 C_1,57
R_6D7k4PfL96jZOPD,Neg M P D_1,65
R_6D7k4PfL96jZOPD,Neg P C A_1,1
R_6D7k4PfL96jZOPD,Neg P P A_1,1
R_6MPQkSybYdXuqrt,Aff C 0 C_1,0
R_6MPQkSybYdXuqrt,Aff C C B_1,95
R_6MPQkSybYdXuqrt,Aff C P C_1,50
R_6MPQkSybYdXuqrt,Aff M 0 D_1,0
R_6MPQkSybYdXuqrt,Aff M C A_1,75
R_6MPQkSybYdXuqrt,Aff P C B_1,100
R_6MPQkSybYdXuqrt,Aff P P D_1,90
R_6MPQkSybYdXuqrt,Neg C M B_1,40
R_6MPQkSybYdXuqrt,Neg M C E_1,10
R_6MPQkSybYdXuqrt,Neg M M E_1,10
R_6MPQkSybYdXuqrt,Neg P 0 A_1,100
R_6MPQkSybYdXuqrt,Neg P M D_1,16
R_6myMKx65dgSSE7n,Aff C 0 B_1,0
R_6myMKx65dgSSE7n,Aff C C A_1,94
R_6myMKx65dgSSE7n,Aff C P B_1,0
R_6myMKx65dgSSE7n,Aff M 0 C_1,0
R_6myMKx65dgSSE7n,Aff M C E_1,72
R_6myMKx65dgSSE7n,Aff P C A_1,93
R_6myMKx65dgSSE7n,Aff P P C_1,95
R_6myMKx65dgSSE7n,Neg C M A_1,59
R_6myMKx65dgSSE7n,Neg M C D_1,62
R_6myMKx65dgSSE7n,Neg M M D_1,45
R_6myMKx65dgSSE7n,Neg P 0 E_1,57
R_6myMKx65dgSSE7n,Neg P M C_1,53
R_6o5yajjMXpw0Yfq,Aff C M D_1,25
R_6o5yajjMXpw0Yfq,Aff M M E_1,80
R_6o5yajjMXpw0Yfq,Aff M P C_1,65
R_6o5yajjMXpw0Yfq,Aff P 0 D_1,50
R_6o5yajjMXpw0Yfq,Aff P M B_1,50
R_6o5yajjMXpw0Yfq,Neg C 0 C_1,30
R_6o5yajjMXpw0Yfq,Neg C C A_1,30
R_6o5yajjMXpw0Yfq,Neg C P A_1,35
R_6o5yajjMXpw0Yfq,Neg M 0 B_1,40
R_6o5yajjMXpw0Yfq,Neg M P C_1,40
R_6o5yajjMXpw0Yfq,Neg P C E_1,45
R_6o5yajjMXpw0Yfq,Neg P P E_1,40
R_6pG5sTXC7Nyps8V,Aff C M D_1,96
R_6pG5sTXC7Nyps8V,Aff M M E_1,92
R_6pG5sTXC7Nyps8V,Aff M P C_1,93
R_6pG5sTXC7Nyps8V,Aff P 0 D_1,0
R_6pG5sTXC7Nyps8V,Aff P M B_1,20
R_6pG5sTXC7Nyps8V,Neg C 0 C_1,97
R_6pG5sTXC7Nyps8V,Neg C C A_1,2
R_6pG5sTXC7Nyps8V,Neg C P A_1,90
R_6pG5sTXC7Nyps8V,Neg M 0 B_1,98
R_6pG5sTXC7Nyps8V,Neg M P C_1,66
R_6pG5sTXC7Nyps8V,Neg P C E_1,70
R_6pG5sTXC7Nyps8V,Neg P P E_1,0
R_6povF94m0yxZpPX,Aff C 0 B_1,5
R_6povF94m0yxZpPX,Aff C C A_1,81
R_6povF94m0yxZpPX,Aff C P B_1,18
R_6povF94m0yxZpPX,Aff M 0 C_1,7
R_6povF94m0yxZpPX,Aff M C E_1,90
R_6povF94m0yxZpPX,Aff P C A_1,78
R_6povF94m0yxZpPX,Aff P P C_1,96
R_6povF94m0yxZpPX,Neg C M A_1,40
R_6povF94m0yxZpPX,Neg M C D_1,73
R_6povF94m0yxZpPX,Neg M M D_1,17
R_6povF94m0yxZpPX,Neg P 0 E_1,94
R_6povF94m0yxZpPX,Neg P M C_1,75
R_6qxQdqSfDEldOYu,Aff C 0 C_1,0
R_6qxQdqSfDEldOYu,Aff C C B_1,100
R_6qxQdqSfDEldOYu,Aff C P C_1,76
R_6qxQdqSfDEldOYu,Aff M 0 D_1,0
R_6qxQdqSfDEldOYu,Aff M C A_1,70
R_6qxQdqSfDEldOYu,Aff P C B_1,100
R_6qxQdqSfDEldOYu,Aff P P D_1,100
R_6qxQdqSfDEldOYu,Neg C M B_1,0
R_6qxQdqSfDEldOYu,Neg M C E_1,0
R_6qxQdqSfDEldOYu,Neg M M E_1,0
R_6qxQdqSfDEldOYu,Neg P 0 A_1,100
R_6qxQdqSfDEldOYu,Neg P M D_1,50
R_6taETB3adtFDuWH,Aff C M E_1,67
R_6taETB3adtFDuWH,Aff M M A_1,86
R_6taETB3adtFDuWH,Aff M P D_1,13
R_6taETB3adtFDuWH,Aff P 0 E_1,44
R_6taETB3adtFDuWH,Aff P M C_1,12
R_6taETB3adtFDuWH,Neg C 0 D_1,6
R_6taETB3adtFDuWH,Neg C C B_1,8
R_6taETB3adtFDuWH,Neg C P B_1,20
R_6taETB3adtFDuWH,Neg M 0 C_1,70
R_6taETB3adtFDuWH,Neg M P D_1,13
R_6taETB3adtFDuWH,Neg P C A_1,29
R_6taETB3adtFDuWH,Neg P P A_1,7
R_6vdhuy8Nk5R8GQR,Aff C 0 A_1,15
R_6vdhuy8Nk5R8GQR,Aff C C E_1,18
R_6vdhuy8Nk5R8GQR,Aff C P A_1,14
R_6vdhuy8Nk5R8GQR,Aff M 0 B_1,6
R_6vdhuy8Nk5R8GQR,Aff M C D_1,54
R_6vdhuy8Nk5R8GQR,Aff P C E_1,25
R_6vdhuy8Nk5R8GQR,Aff P P B_1,52
R_6vdhuy8Nk5R8GQR,Neg C M E_1,17
R_6vdhuy8Nk5R8GQR,Neg M C C_1,6
R_6vdhuy8Nk5R8GQR,Neg M M C_1,18
R_6vdhuy8Nk5R8GQR,Neg P 0 D_1,6
R_6vdhuy8Nk5R8GQR,Neg P M B_1,57
R_6Vz13NQA3mskxlT,Aff C 0 D_1,0
R_6Vz13NQA3mskxlT,Aff C C C_1,66
R_6Vz13NQA3mskxlT,Aff C P D_1,29
R_6Vz13NQA3mskxlT,Aff M 0 E_1,3
R_6Vz13NQA3mskxlT,Aff M C B_1,79
R_6Vz13NQA3mskxlT,Aff P C C_1,75
R_6Vz13NQA3mskxlT,Aff P P E_1,95
R_6Vz13NQA3mskxlT,Neg C M D_1,82
R_6Vz13NQA3mskxlT,Neg M C A_1,22
R_6Vz13NQA3mskxlT,Neg M M A_1,62
R_6Vz13NQA3mskxlT,Neg P 0 B_1,71
R_6Vz13NQA3mskxlT,Neg P M E_1,47
R_6wSvaugJoWOMIFj,Aff C M E_1,93
R_6wSvaugJoWOMIFj,Aff M M A_1,100
R_6wSvaugJoWOMIFj,Aff M P D_1,2
R_6wSvaugJoWOMIFj,Aff P 0 E_1,0
R_6wSvaugJoWOMIFj,Aff P M C_1,74
R_6wSvaugJoWOMIFj,Neg C 0 D_1,96
R_6wSvaugJoWOMIFj,Neg C C B_1,0
R_6wSvaugJoWOMIFj,Neg C P B_1,100
R_6wSvaugJoWOMIFj,Neg M 0 C_1,73
R_6wSvaugJoWOMIFj,Neg M P D_1,92
R_6wSvaugJoWOMIFj,Neg P C A_1,0
R_6wSvaugJoWOMIFj,Neg P P A_1,0
R_6y40f7SdO9wolFb,Aff C 0 A_1,24
R_6y40f7SdO9wolFb,Aff C C E_1,100
R_6y40f7SdO9wolFb,Aff C P A_1,0
R_6y40f7SdO9wolFb,Aff M 0 B_1,0
R_6y40f7SdO9wolFb,Aff M C D_1,100
R_6y40f7SdO9wolFb,Aff P C E_1,80
R_6y40f7SdO9wolFb,Aff P P B_1,100
R_6y40f7SdO9wolFb,Neg C M E_1,0
R_6y40f7SdO9wolFb,Neg M C C_1,0
R_6y40f7SdO9wolFb,Neg M M C_1,0
R_6y40f7SdO9wolFb,Neg P 0 D_1,0
R_6y40f7SdO9wolFb,Neg P M B_1,0
R_6YtxTafrBbUC9uY,Aff C M B_1,50
R_6YtxTafrBbUC9uY,Aff M M C_1,70
R_6YtxTafrBbUC9uY,Aff M P A_1,35
R_6YtxTafrBbUC9uY,Aff P 0 B_1,60
R_6YtxTafrBbUC9uY,Aff P M E_1,30
R_6YtxTafrBbUC9uY,Neg C 0 A_1,25
R_6YtxTafrBbUC9uY,Neg C C D_1,20
R_6YtxTafrBbUC9uY,Neg C P D_1,15
R_6YtxTafrBbUC9uY,Neg M 0 E_1,20
R_6YtxTafrBbUC9uY,Neg M P A_1,40
R_6YtxTafrBbUC9uY,Neg P C C_1,35
R_6YtxTafrBbUC9uY,Neg P P C_1,20
R_6zpcgB4lGSjIg6l,Aff C 0 B_1,9
R_6zpcgB4lGSjIg6l,Aff C C A_1,85
R_6zpcgB4lGSjIg6l,Aff C P B_1,6
R_6zpcgB4lGSjIg6l,Aff M 0 C_1,23
R_6zpcgB4lGSjIg6l,Aff M C E_1,90
R_6zpcgB4lGSjIg6l,Aff P C A_1,93
R_6zpcgB4lGSjIg6l,Aff P P C_1,86
R_6zpcgB4lGSjIg6l,Neg C M A_1,25
R_6zpcgB4lGSjIg6l,Neg M C D_1,32
R_6zpcgB4lGSjIg6l,Neg M M D_1,43
R_6zpcgB4lGSjIg6l,Neg P 0 E_1,89
R_6zpcgB4lGSjIg6l,Neg P M C_1,71
R_72QHYejB2yTtkoF,Aff C M E_1,35
R_72QHYejB2yTtkoF,Aff M M A_1,97
R_72QHYejB2yTtkoF,Aff M P D_1,37
R_72QHYejB2yTtkoF,Aff P 0 E_1,0
R_72QHYejB2yTtkoF,Aff P M C_1,58
R_72QHYejB2yTtkoF,Neg C 0 D_1,40
R_72QHYejB2yTtkoF,Neg C C B_1,4
R_72QHYejB2yTtkoF,Neg C P B_1,73
R_72QHYejB2yTtkoF,Neg M 0 C_1,66
R_72QHYejB2yTtkoF,Neg M P D_1,23
R_72QHYejB2yTtkoF,Neg P C A_1,3
R_72QHYejB2yTtkoF,Neg P P A_1,0
R_74AyMjVU3x2zj2e,Aff C M C_1,62
R_74AyMjVU3x2zj2e,Aff M M D_1,86
R_74AyMjVU3x2zj2e,Aff M P B_1,9
R_74AyMjVU3x2zj2e,Aff P 0 C_1,35
R_74AyMjVU3x2zj2e,Aff P M A_1,55
R_74AyMjVU3x2zj2e,Neg C 0 B_1,50
R_74AyMjVU3x2zj2e,Neg C C E_1,28
R_74AyMjVU3x2zj2e,Neg C P E_1,35
R_74AyMjVU3x2zj2e,Neg M 0 A_1,50
R_74AyMjVU3x2zj2e,Neg M P B_1,1
R_74AyMjVU3x2zj2e,Neg P C D_1,31
R_74AyMjVU3x2zj2e,Neg P P D_1,37
R_74BjcRb97MvLz5n,Aff C M B_1,0
R_74BjcRb97MvLz5n,Aff M M C_1,92
R_74BjcRb97MvLz5n,Aff M P A_1,0
R_74BjcRb97MvLz5n,Aff P 0 B_1,0
R_74BjcRb97MvLz5n,Aff P M E_1,9
R_74BjcRb97MvLz5n,Neg C 0 A_1,100
R_74BjcRb97MvLz5n,Neg C C D_1,0
R_74BjcRb97MvLz5n,Neg C P D_1,0
R_74BjcRb97MvLz5n,Neg M 0 E_1,100
R_74BjcRb97MvLz5n,Neg M P A_1,100
R_74BjcRb97MvLz5n,Neg P C C_1,4
R_74BjcRb97MvLz5n,Neg P P C_1,0
R_74GUk86Xeh15TZk,Aff C M A_1,22
R_74GUk86Xeh15TZk,Aff M M B_1,60
R_74GUk86Xeh15TZk,Aff M P E_1,34
R_74GUk86Xeh15TZk,Aff P 0 A_1,83
R_74GUk86Xeh15TZk,Aff P M D_1,72
R_74GUk86Xeh15TZk,Neg C 0 E_1,0
R_74GUk86Xeh15TZk,Neg C C C_1,4
R_74GUk86Xeh15TZk,Neg C P C_1,3
R_74GUk86Xeh15TZk,Neg M 0 D_1,16
R_74GUk86Xeh15TZk,Neg M P E_1,20
R_74GUk86Xeh15TZk,Neg P C B_1,78
R_74GUk86Xeh15TZk,Neg P P B_1,73
R_7B5kvLYQmmm99w4,Aff C M C_1,40
R_7B5kvLYQmmm99w4,Aff M M D_1,75
R_7B5kvLYQmmm99w4,Aff M P B_1,0
R_7B5kvLYQmmm99w4,Aff P 0 C_1,20
R_7B5kvLYQmmm99w4,Aff P M A_1,55
R_7B5kvLYQmmm99w4,Neg C 0 B_1,50
R_7B5kvLYQmmm99w4,Neg C C E_1,25
R_7B5kvLYQmmm99w4,Neg C P E_1,75
R_7B5kvLYQmmm99w4,Neg M 0 A_1,60
R_7B5kvLYQmmm99w4,Neg M P B_1,100
R_7B5kvLYQmmm99w4,Neg P C D_1,50
R_7B5kvLYQmmm99w4,Neg P P D_1,40
R_7dsxD5sSEt0mCBD,Aff C 0 D_1,0
R_7dsxD5sSEt0mCBD,Aff C C C_1,99
R_7dsxD5sSEt0mCBD,Aff C P D_1,14
R_7dsxD5sSEt0mCBD,Aff M 0 E_1,1
R_7dsxD5sSEt0mCBD,Aff M C B_1,97
R_7dsxD5sSEt0mCBD,Aff P C C_1,99
R_7dsxD5sSEt0mCBD,Aff P P E_1,100
R_7dsxD5sSEt0mCBD,Neg C M D_1,1
R_7dsxD5sSEt0mCBD,Neg M C A_1,3
R_7dsxD5sSEt0mCBD,Neg M M A_1,0
R_7dsxD5sSEt0mCBD,Neg P 0 B_1,88
R_7dsxD5sSEt0mCBD,Neg P M E_1,66
R_7dWpHJUItdt2kIt,Aff C M E_1,66
R_7dWpHJUItdt2kIt,Aff M M A_1,73
R_7dWpHJUItdt2kIt,Aff M P D_1,1
R_7dWpHJUItdt2kIt,Aff P 0 E_1,0
R_7dWpHJUItdt2kIt,Aff P M C_1,17
R_7dWpHJUItdt2kIt,Neg C 0 D_1,100
R_7dWpHJUItdt2kIt,Neg C C B_1,0
R_7dWpHJUItdt2kIt,Neg C P B_1,83
R_7dWpHJUItdt2kIt,Neg M 0 C_1,81
R_7dWpHJUItdt2kIt,Neg M P D_1,81
R_7dWpHJUItdt2kIt,Neg P C A_1,19
R_7dWpHJUItdt2kIt,Neg P P A_1,0
R_7ePhckldSrZWFZx,Aff C 0 E_1,0
R_7ePhckldSrZWFZx,Aff C C D_1,10
R_7ePhckldSrZWFZx,Aff C P E_1,7
R_7ePhckldSrZWFZx,Aff M 0 A_1,5
R_7ePhckldSrZWFZx,Aff M C C_1,70
R_7ePhckldSrZWFZx,Aff P C D_1,12
R_7ePhckldSrZWFZx,Aff P P A_6,82
R_7ePhckldSrZWFZx,Neg C M C_1,3
R_7ePhckldSrZWFZx,Neg M C B_1,14
R_7ePhckldSrZWFZx,Neg M M B_1,8
R_7ePhckldSrZWFZx,Neg P 0 C_1,3
R_7ePhckldSrZWFZx,Neg P M A_1,8
R_7FFGNZFBcDorxAd,Aff C 0 B_1,0
R_7FFGNZFBcDorxAd,Aff C C A_1,63
R_7FFGNZFBcDorxAd,Aff C P B_1,0
R_7FFGNZFBcDorxAd,Aff M 0 C_1,0
R_7FFGNZFBcDorxAd,Aff M C E_1,76
R_7FFGNZFBcDorxAd,Aff P C A_1,100
R_7FFGNZFBcDorxAd,Aff P P C_1,94
R_7FFGNZFBcDorxAd,Neg C M A_1,12
R_7FFGNZFBcDorxAd,Neg M C D_1,6
R_7FFGNZFBcDorxAd,Neg M M D_1,10
R_7FFGNZFBcDorxAd,Neg P 0 E_1,100
R_7FFGNZFBcDorxAd,Neg P M C_1,79
R_7FII7Gn2YpGPOVj,Aff C 0 B_1,3
R_7FII7Gn2YpGPOVj,Aff C C A_1,15
R_7FII7Gn2YpGPOVj,Aff C P B_1,13
R_7FII7Gn2YpGPOVj,Aff M 0 C_1,1
R_7FII7Gn2YpGPOVj,Aff M C E_1,93
R_7FII7Gn2YpGPOVj,Aff P C A_1,55
R_7FII7Gn2YpGPOVj,Aff P P C_1,77
R_7FII7Gn2YpGPOVj,Neg C M A_1,11
R_7FII7Gn2YpGPOVj,Neg M C D_1,16
R_7FII7Gn2YpGPOVj,Neg M M D_1,9
R_7FII7Gn2YpGPOVj,Neg P 0 E_1,87
R_7FII7Gn2YpGPOVj,Neg P M C_1,42
R_7gwJMBv5kxsMsW7,Aff C M B_1,97
R_7gwJMBv5kxsMsW7,Aff M M C_1,100
R_7gwJMBv5kxsMsW7,Aff M P A_1,95
R_7gwJMBv5kxsMsW7,Aff P 0 B_1,3
R_7gwJMBv5kxsMsW7,Aff P M E_1,100
R_7gwJMBv5kxsMsW7,Neg C 0 A_1,100
R_7gwJMBv5kxsMsW7,Neg C C D_1,2
R_7gwJMBv5kxsMsW7,Neg C P D_1,3
R_7gwJMBv5kxsMsW7,Neg M 0 E_1,100
R_7gwJMBv5kxsMsW7,Neg M P A_1,6
R_7gwJMBv5kxsMsW7,Neg P C C_1,5
R_7gwJMBv5kxsMsW7,Neg P P C_1,2
R_7hi4srCK6fM4NQS,Aff C 0 E_1,0
R_7hi4srCK6fM4NQS,Aff C C D_1,100
R_7hi4srCK6fM4NQS,Aff C P E_1,0
R_7hi4srCK6fM4NQS,Aff M 0 A_1,7
R_7hi4srCK6fM4NQS,Aff M C C_1,100
R_7hi4srCK6fM4NQS,Aff P C D_1,50
R_7hi4srCK6fM4NQS,Aff P P A_6,100
R_7hi4srCK6fM4NQS,Neg C M C_1,60
R_7hi4srCK6fM4NQS,Neg M C B_1,0
R_7hi4srCK6fM4NQS,Neg M M B_1,12
R_7hi4srCK6fM4NQS,Neg P 0 C_1,100
R_7hi4srCK6fM4NQS,Neg P M A_1,100
R_7Ia9VGjfYSxDmRj,Aff C 0 D_1,0
R_7Ia9VGjfYSxDmRj,Aff C C C_1,80
R_7Ia9VGjfYSxDmRj,Aff C P D_1,10
R_7Ia9VGjfYSxDmRj,Aff M 0 E_1,0
R_7Ia9VGjfYSxDmRj,Aff M C B_1,100
R_7Ia9VGjfYSxDmRj,Aff P C C_1,90
R_7Ia9VGjfYSxDmRj,Aff P P E_1,100
R_7Ia9VGjfYSxDmRj,Neg C M D_1,95
R_7Ia9VGjfYSxDmRj,Neg M C A_1,0
R_7Ia9VGjfYSxDmRj,Neg M M A_1,95
R_7Ia9VGjfYSxDmRj,Neg P 0 B_1,95
R_7Ia9VGjfYSxDmRj,Neg P M E_1,90
R_7JOO91z2EYJ7htj,Aff C M D_1,9
R_7JOO91z2EYJ7htj,Aff M M E_1,79
R_7JOO91z2EYJ7htj,Aff M P C_1,81
R_7JOO91z2EYJ7htj,Aff P 0 D_1,3
R_7JOO91z2EYJ7htj,Aff P M B_1,33
R_7JOO91z2EYJ7htj,Neg C 0 C_1,6
R_7JOO91z2EYJ7htj,Neg C C A_1,6
R_7JOO91z2EYJ7htj,Neg C P A_1,19
R_7JOO91z2EYJ7htj,Neg M 0 B_1,32
R_7JOO91z2EYJ7htj,Neg M P C_1,9
R_7JOO91z2EYJ7htj,Neg P C E_1,8
R_7JOO91z2EYJ7htj,Neg P P E_1,16
R_7kFF7aibEh7NaOI,Aff C 0 B_1,70
R_7kFF7aibEh7NaOI,Aff C C A_1,70
R_7kFF7aibEh7NaOI,Aff C P B_1,75
R_7kFF7aibEh7NaOI,Aff M 0 C_1,85
R_7kFF7aibEh7NaOI,Aff M C E_1,75
R_7kFF7aibEh7NaOI,Aff P C A_1,90
R_7kFF7aibEh7NaOI,Aff P P C_1,80
R_7kFF7aibEh7NaOI,Neg C M A_1,45
R_7kFF7aibEh7NaOI,Neg M C D_1,45
R_7kFF7aibEh7NaOI,Neg M M D_1,70
R_7kFF7aibEh7NaOI,Neg P 0 E_1,75
R_7kFF7aibEh7NaOI,Neg P M C_1,85
R_7nGYgasOBY67SOu,Aff C 0 B_1,0
R_7nGYgasOBY67SOu,Aff C C A_1,50
R_7nGYgasOBY67SOu,Aff C P B_1,0
R_7nGYgasOBY67SOu,Aff M 0 C_1,51
R_7nGYgasOBY67SOu,Aff M C E_1,51
R_7nGYgasOBY67SOu,Aff P C A_1,50
R_7nGYgasOBY67SOu,Aff P P C_1,50
R_7nGYgasOBY67SOu,Neg C M A_1,0
R_7nGYgasOBY67SOu,Neg M C D_1,0
R_7nGYgasOBY67SOu,Neg M M D_1,0
R_7nGYgasOBY67SOu,Neg P 0 E_1,0
R_7nGYgasOBY67SOu,Neg P M C_1,0
R_7p7ndwCRpoqVfUJ,Aff C M D_1,94
R_7p7ndwCRpoqVfUJ,Aff M M E_1,93
R_7p7ndwCRpoqVfUJ,Aff M P C_1,92
R_7p7ndwCRpoqVfUJ,Aff P 0 D_1,3
R_7p7ndwCRpoqVfUJ,Aff P M B_1,83
R_7p7ndwCRpoqVfUJ,Neg C 0 C_1,50
R_7p7ndwCRpoqVfUJ,Neg C C A_1,11
R_7p7ndwCRpoqVfUJ,Neg C P A_1,84
R_7p7ndwCRpoqVfUJ,Neg M 0 B_1,83
R_7p7ndwCRpoqVfUJ,Neg M P C_1,87
R_7p7ndwCRpoqVfUJ,Neg P C E_1,63
R_7p7ndwCRpoqVfUJ,Neg P P E_1,1
R_7pOV936R4pnZ6zn,Aff C M D_1,72
R_7pOV936R4pnZ6zn,Aff M M E_1,73
R_7pOV936R4pnZ6zn,Aff M P C_1,89
R_7pOV936R4pnZ6zn,Aff P 0 D_1,37
R_7pOV936R4pnZ6zn,Aff P M B_1,39
R_7pOV936R4pnZ6zn,Neg C 0 C_1,87
R_7pOV936R4pnZ6zn,Neg C C A_1,32
R_7pOV936R4pnZ6zn,Neg C P A_1,76
R_7pOV936R4pnZ6zn,Neg M 0 B_1,87
R_7pOV936R4pnZ6zn,Neg M P C_1,89
R_7pOV936R4pnZ6zn,Neg P C E_1,4
R_7pOV936R4pnZ6zn,Neg P P E_1,8
R_7qdZhBGxXF0lW0C,Aff C M B_1,75
R_7qdZhBGxXF0lW0C,Aff M M C_1,85
R_7qdZhBGxXF0lW0C,Aff M P A_1,40
R_7qdZhBGxXF0lW0C,Aff P 0 B_1,60
R_7qdZhBGxXF0lW0C,Aff P M E_1,60
R_7qdZhBGxXF0lW0C,Neg C 0 A_1,85
R_7qdZhBGxXF0lW0C,Neg C C D_1,30
R_7qdZhBGxXF0lW0C,Neg C P D_1,80
R_7qdZhBGxXF0lW0C,Neg M 0 E_1,85
R_7qdZhBGxXF0lW0C,Neg M P A_1,80
R_7qdZhBGxXF0lW0C,Neg P C C_1,30
R_7qdZhBGxXF0lW0C,Neg P P C_1,40
R_7rkPqC27FQX1Cd1,Aff C 0 E_1,1
R_7rkPqC27FQX1Cd1,Aff C C D_1,0
R_7rkPqC27FQX1Cd1,Aff C P E_1,58
R_7rkPqC27FQX1Cd1,Aff M 0 A_1,4
R_7rkPqC27FQX1Cd1,Aff M C C_1,77
R_7rkPqC27FQX1Cd1,Aff P C D_1,2
R_7rkPqC27FQX1Cd1,Aff P P A_6,97
R_7rkPqC27FQX1Cd1,Neg C M C_1,1
R_7rkPqC27FQX1Cd1,Neg M C B_1,0
R_7rkPqC27FQX1Cd1,Neg M M B_1,0
R_7rkPqC27FQX1Cd1,Neg P 0 C_1,15
R_7rkPqC27FQX1Cd1,Neg P M A_1,21
R_7rUfeG1GZX5psZ1,Aff C 0 B_1,0
R_7rUfeG1GZX5psZ1,Aff C C A_1,65
R_7rUfeG1GZX5psZ1,Aff C P B_1,0
R_7rUfeG1GZX5psZ1,Aff M 0 C_1,0
R_7rUfeG1GZX5psZ1,Aff M C E_1,65
R_7rUfeG1GZX5psZ1,Aff P C A_1,70
R_7rUfeG1GZX5psZ1,Aff P P C_1,70
R_7rUfeG1GZX5psZ1,Neg C M A_1,10
R_7rUfeG1GZX5psZ1,Neg M C D_1,0
R_7rUfeG1GZX5psZ1,Neg M M D_1,0
R_7rUfeG1GZX5psZ1,Neg P 0 E_1,5
R_7rUfeG1GZX5psZ1,Neg P M C_1,10
R_7SknMFzQwQ0eFbP,Aff C 0 D_1,0
R_7SknMFzQwQ0eFbP,Aff C C C_1,95
R_7SknMFzQwQ0eFbP,Aff C P D_1,100
R_7SknMFzQwQ0eFbP,Aff M 0 E_1,0
R_7SknMFzQwQ0eFbP,Aff M C B_1,88
R_7SknMFzQwQ0eFbP,Aff P C C_1,15
R_7SknMFzQwQ0eFbP,Aff P P E_1,100
R_7SknMFzQwQ0eFbP,Neg C M D_1,26
R_7SknMFzQwQ0eFbP,Neg M C A_1,23
R_7SknMFzQwQ0eFbP,Neg M M A_1,0
R_7SknMFzQwQ0eFbP,Neg P 0 B_1,100
R_7SknMFzQwQ0eFbP,Neg P M E_1,17
R_7Tt7jCB2Y2oMX2R,Aff C M B_1,97
R_7Tt7jCB2Y2oMX2R,Aff M M C_1,99
R_7Tt7jCB2Y2oMX2R,Aff M P A_1,3
R_7Tt7jCB2Y2oMX2R,Aff P 0 B_1,99
R_7Tt7jCB2Y2oMX2R,Aff P M E_1,97
R_7Tt7jCB2Y2oMX2R,Neg C 0 A_1,96
R_7Tt7jCB2Y2oMX2R,Neg C C D_1,12
R_7Tt7jCB2Y2oMX2R,Neg C P D_1,96
R_7Tt7jCB2Y2oMX2R,Neg M 0 E_1,100
R_7Tt7jCB2Y2oMX2R,Neg M P A_1,93
R_7Tt7jCB2Y2oMX2R,Neg P C C_1,8
R_7Tt7jCB2Y2oMX2R,Neg P P C_1,5
R_7TyZLyc6S0JuxP6,Aff C M D_1,30
R_7TyZLyc6S0JuxP6,Aff M M E_1,55
R_7TyZLyc6S0JuxP6,Aff M P C_1,0
R_7TyZLyc6S0JuxP6,Aff P 0 D_1,0
R_7TyZLyc6S0JuxP6,Aff P M B_1,72
R_7TyZLyc6S0JuxP6,Neg C 0 C_1,0
R_7TyZLyc6S0JuxP6,Neg C C A_1,0
R_7TyZLyc6S0JuxP6,Neg C P A_1,0
R_7TyZLyc6S0JuxP6,Neg M 0 B_1,0
R_7TyZLyc6S0JuxP6,Neg M P C_1,0
R_7TyZLyc6S0JuxP6,Neg P C E_1,0
R_7TyZLyc6S0JuxP6,Neg P P E_1,0
R_7zirQ5K3QcLFUJo,Aff C 0 B_1,0
R_7zirQ5K3QcLFUJo,Aff C C A_1,100
R_7zirQ5K3QcLFUJo,Aff C P B_1,0
R_7zirQ5K3QcLFUJo,Aff M 0 C_1,0
R_7zirQ5K3QcLFUJo,Aff M C E_1,100
R_7zirQ5K3QcLFUJo,Aff P C A_1,100
R_7zirQ5K3QcLFUJo,Aff P P C_1,100
R_7zirQ5K3QcLFUJo,Neg C M A_1,0
R_7zirQ5K3QcLFUJo,Neg M C D_1,0
R_7zirQ5K3QcLFUJo,Neg M M D_1,0
R_7zirQ5K3QcLFUJo,Neg P 0 E_1,0
R_7zirQ5K3QcLFUJo,Neg P M C_1,0