Response_ID,Trial,Rating,Order
R_8Qzw3Tbgzh0aVIl,Neg P 0 A_1,100,P_M
R_8Qzw3Tbgzh0aVIl,Aff P P D_1,100,P_M
R_8Qzw3Tbgzh0aVIl,Aff M C A_1,95,P_M
R_8Qzw3Tbgzh0aVIl,Aff P C B_1,93,P_M
R_8Qzw3Tbgzh0aVIl,Aff C C B_1,92,P_M
R_8Qzw3Tbgzh0aVIl,Aff C P C_1,77,P_M
R_8Qzw3Tbgzh0aVIl,Neg M M E_1,0,P_M
R_8Qzw3Tbgzh0aVIl,Neg P M D_1,0,P_M
R_8Qzw3Tbgzh0aVIl,Neg C M B_1,0,P_M
R_8Qzw3Tbgzh0aVIl,Aff C 0 C_1,0,P_M
R_8Qzw3Tbgzh0aVIl,Neg M C E_1,0,P_M
R_8Qzw3Tbgzh0aVIl,Aff M 0 D_1,0,P_M
R_7zhzxwbecOFFyRH,Aff M M E_1,100,P_M
R_7zhzxwbecOFFyRH,Neg M 0 B_1,80,P_M
R_7zhzxwbecOFFyRH,Aff P M B_1,75,P_M
R_7zhzxwbecOFFyRH,Aff P 0 D_1,65,P_M
R_7zhzxwbecOFFyRH,Aff C M D_1,60,P_M
R_7zhzxwbecOFFyRH,Neg M P C_1,60,P_M
R_7zhzxwbecOFFyRH,Aff M P C_1,55,P_M
R_7zhzxwbecOFFyRH,Neg C C A_1,0,P_M
R_7zhzxwbecOFFyRH,Neg C 0 C_1,0,P_M
R_7zhzxwbecOFFyRH,Neg P C E_1,0,P_M
R_7zhzxwbecOFFyRH,Neg P P E_1,0,P_M
R_7zhzxwbecOFFyRH,Neg C P A_1,0,P_M
R_7Yo177tOo07w30l,Neg C 0 A_1,100,P_M
R_7Yo177tOo07w30l,Neg M 0 E_1,100,P_M
R_7Yo177tOo07w30l,Aff M M C_1,100,P_M
R_7Yo177tOo07w30l,Neg C P D_1,95,P_M
R_7Yo177tOo07w30l,Neg M P A_1,90,P_M
R_7Yo177tOo07w30l,Aff C M B_1,13,P_M
R_7Yo177tOo07w30l,Neg P C C_1,8,P_M
R_7Yo177tOo07w30l,Aff M P A_1,3,P_M
R_7Yo177tOo07w30l,Neg P P C_1,3,P_M
R_7Yo177tOo07w30l,Neg C C D_1,1,P_M
R_7Yo177tOo07w30l,Aff P 0 B_1,0,P_M
R_7Yo177tOo07w30l,Aff P M E_1,0,P_M
R_7WZgGyEeH1G1bpv,Aff P C A_1,100,P_M
R_7WZgGyEeH1G1bpv,Aff M C E_1,100,P_M
R_7WZgGyEeH1G1bpv,Neg P M C_1,100,P_M
R_7WZgGyEeH1G1bpv,Aff P P C_1,100,P_M
R_7WZgGyEeH1G1bpv,Aff C C A_1,100,P_M
R_7WZgGyEeH1G1bpv,Neg M M D_1,15,P_M
R_7WZgGyEeH1G1bpv,Aff C P B_1,4,P_M
R_7WZgGyEeH1G1bpv,Aff C 0 B_1,0,P_M
R_7WZgGyEeH1G1bpv,Aff M 0 C_1,0,P_M
R_7WZgGyEeH1G1bpv,Neg P 0 E_1,0,P_M
R_7WZgGyEeH1G1bpv,Neg M C D_1,0,P_M
R_7WZgGyEeH1G1bpv,Neg C M A_1,0,P_M
R_7Wh26raD09VjisF,Aff C 0 B_1,75,P_M
R_7Wh26raD09VjisF,Aff M C E_1,72,P_M
R_7Wh26raD09VjisF,Aff P P C_1,67,P_M
R_7Wh26raD09VjisF,Aff C C A_1,63,P_M
R_7Wh26raD09VjisF,Neg M M D_1,50,P_M
R_7Wh26raD09VjisF,Aff M 0 C_1,50,P_M
R_7Wh26raD09VjisF,Neg P M C_1,50,P_M
R_7Wh26raD09VjisF,Aff P C A_1,50,P_M
R_7Wh26raD09VjisF,Aff C P B_1,25,P_M
R_7Wh26raD09VjisF,Neg P 0 E_1,19,P_M
R_7Wh26raD09VjisF,Neg C M A_1,0,P_M
R_7Wh26raD09VjisF,Neg M C D_1,0,P_M
R_7s7Tn4JL5Zbk0le,Neg C 0 E_1,97,P_M
R_7s7Tn4JL5Zbk0le,Aff P M D_1,95,P_M
R_7s7Tn4JL5Zbk0le,Aff M M B_1,95,P_M
R_7s7Tn4JL5Zbk0le,Neg M 0 D_1,81,P_M
R_7s7Tn4JL5Zbk0le,Neg P C B_1,50,P_M
R_7s7Tn4JL5Zbk0le,Neg C P C_1,9,P_M
R_7s7Tn4JL5Zbk0le,Neg P P B_1,8,P_M
R_7s7Tn4JL5Zbk0le,Aff P 0 A_1,1,P_M
R_7s7Tn4JL5Zbk0le,Neg M P E_1,0,P_M
R_7s7Tn4JL5Zbk0le,Aff M P E_1,0,P_M
R_7s7Tn4JL5Zbk0le,Aff C M A_1,0,P_M
R_7s7Tn4JL5Zbk0le,Neg C C C_1,0,P_M
R_7qCylV1api38j4w,Aff P P B_1,72,P_M
R_7qCylV1api38j4w,Aff C C E_1,69,P_M
R_7qCylV1api38j4w,Neg P M B_1,60,P_M
R_7qCylV1api38j4w,Aff P C E_1,40,P_M
R_7qCylV1api38j4w,Neg M C C_1,15,P_M
R_7qCylV1api38j4w,Aff M C D_1,14,P_M
R_7qCylV1api38j4w,Aff C P A_1,10,P_M
R_7qCylV1api38j4w,Neg C M E_1,7,P_M
R_7qCylV1api38j4w,Neg M M C_1,7,P_M
R_7qCylV1api38j4w,Neg P 0 D_1,6,P_M
R_7qCylV1api38j4w,Aff M 0 B_1,3,P_M
R_7qCylV1api38j4w,Aff C 0 A_1,0,P_M
R_7OkJVwuoj4TSrHI,Aff M M A_1,100,P_M
R_7OkJVwuoj4TSrHI,Neg C C B_1,100,P_M
R_7OkJVwuoj4TSrHI,Neg M 0 C_1,88,P_M
R_7OkJVwuoj4TSrHI,Neg M P D_1,87,P_M
R_7OkJVwuoj4TSrHI,Aff C M E_1,70,P_M
R_7OkJVwuoj4TSrHI,Neg C 0 D_1,40,P_M
R_7OkJVwuoj4TSrHI,Neg C P B_1,40,P_M
R_7OkJVwuoj4TSrHI,Neg P C A_1,21,P_M
R_7OkJVwuoj4TSrHI,Aff P M C_1,0,P_M
R_7OkJVwuoj4TSrHI,Neg P P A_1,0,P_M
R_7OkJVwuoj4TSrHI,Aff M P D_1,0,P_M
R_7OkJVwuoj4TSrHI,Aff P 0 E_1,0,P_M
R_7MgQXVwtiTIGRk0,Neg M 0 E_1,100,P_M
R_7MgQXVwtiTIGRk0,Aff M M C_1,100,P_M
R_7MgQXVwtiTIGRk0,Neg C 0 A_1,100,P_M
R_7MgQXVwtiTIGRk0,Aff C M B_1,95,P_M
R_7MgQXVwtiTIGRk0,Neg M P A_1,82,P_M
R_7MgQXVwtiTIGRk0,Aff P 0 B_1,28,P_M
R_7MgQXVwtiTIGRk0,Neg C P D_1,20,P_M
R_7MgQXVwtiTIGRk0,Aff M P A_1,12,P_M
R_7MgQXVwtiTIGRk0,Neg C C D_1,0,P_M
R_7MgQXVwtiTIGRk0,Neg P C C_1,0,P_M
R_7MgQXVwtiTIGRk0,Neg P P C_1,0,P_M
R_7MgQXVwtiTIGRk0,Aff P M E_1,0,P_M
R_7mgBT9tG0LKQwrD,Aff M C A_1,100,P_M
R_7mgBT9tG0LKQwrD,Aff P P D_1,100,P_M
R_7mgBT9tG0LKQwrD,Aff P C B_1,100,P_M
R_7mgBT9tG0LKQwrD,Neg P 0 A_1,100,P_M
R_7mgBT9tG0LKQwrD,Aff C C B_1,100,P_M
R_7mgBT9tG0LKQwrD,Aff C P C_1,50,P_M
R_7mgBT9tG0LKQwrD,Neg C M B_1,40,P_M
R_7mgBT9tG0LKQwrD,Neg P M D_1,30,P_M
R_7mgBT9tG0LKQwrD,Neg M M E_1,0,P_M
R_7mgBT9tG0LKQwrD,Aff M 0 D_1,0,P_M
R_7mgBT9tG0LKQwrD,Neg M C E_1,0,P_M
R_7mgBT9tG0LKQwrD,Aff C 0 C_1,0,P_M
R_7lW9Xt8rsdXfx2I,Aff C C E_1,93,P_M
R_7lW9Xt8rsdXfx2I,Aff M C D_1,93,P_M
R_7lW9Xt8rsdXfx2I,Neg P 0 D_1,88,P_M
R_7lW9Xt8rsdXfx2I,Neg M C C_1,85,P_M
R_7lW9Xt8rsdXfx2I,Neg M M C_1,84,P_M
R_7lW9Xt8rsdXfx2I,Aff P P B_1,82,P_M
R_7lW9Xt8rsdXfx2I,Neg C M E_1,16,P_M
R_7lW9Xt8rsdXfx2I,Aff P C E_1,15,P_M
R_7lW9Xt8rsdXfx2I,Aff M 0 B_1,12,P_M
R_7lW9Xt8rsdXfx2I,Neg P M B_1,10,P_M
R_7lW9Xt8rsdXfx2I,Aff C P A_1,8,P_M
R_7lW9Xt8rsdXfx2I,Aff C 0 A_1,0,P_M
R_7Lkg44G4p5Ljzaa,Aff P P A_6,100,P_M
R_7Lkg44G4p5Ljzaa,Aff P C D_1,95,P_M
R_7Lkg44G4p5Ljzaa,Aff M C C_1,90,P_M
R_7Lkg44G4p5Ljzaa,Aff M 0 A_1,80,P_M
R_7Lkg44G4p5Ljzaa,Neg P 0 C_1,71,P_M
R_7Lkg44G4p5Ljzaa,Aff C C D_1,70,P_M
R_7Lkg44G4p5Ljzaa,Aff C 0 E_1,27,P_M
R_7Lkg44G4p5Ljzaa,Neg C M C_1,10,P_M
R_7Lkg44G4p5Ljzaa,Neg P M A_1,0,P_M
R_7Lkg44G4p5Ljzaa,Aff C P E_1,0,P_M
R_7Lkg44G4p5Ljzaa,Neg M C B_1,0,P_M
R_7Lkg44G4p5Ljzaa,Neg M M B_1,0,P_M
R_7LIJUCClk0Jblvr,Aff M M C_1,86,P_M
R_7LIJUCClk0Jblvr,Aff P M E_1,85,P_M
R_7LIJUCClk0Jblvr,Aff M P A_1,73,P_M
R_7LIJUCClk0Jblvr,Aff P 0 B_1,69,P_M
R_7LIJUCClk0Jblvr,Aff C M B_1,22,P_M
R_7LIJUCClk0Jblvr,Neg C 0 A_1,18,P_M
R_7LIJUCClk0Jblvr,Neg P P C_1,16,P_M
R_7LIJUCClk0Jblvr,Neg M P A_1,11,P_M
R_7LIJUCClk0Jblvr,Neg C P D_1,10,P_M
R_7LIJUCClk0Jblvr,Neg M 0 E_1,5,P_M
R_7LIJUCClk0Jblvr,Neg P C C_1,3,P_M
R_7LIJUCClk0Jblvr,Neg C C D_1,0,P_M
R_7L2ZFH30GeZZJpD,Aff P 0 B_1,75,P_M
R_7L2ZFH30GeZZJpD,Aff C M B_1,65,P_M
R_7L2ZFH30GeZZJpD,Neg C C D_1,60,P_M
R_7L2ZFH30GeZZJpD,Aff P M E_1,55,P_M
R_7L2ZFH30GeZZJpD,Aff M P A_1,55,P_M
R_7L2ZFH30GeZZJpD,Neg M P A_1,55,P_M
R_7L2ZFH30GeZZJpD,Neg P C C_1,55,P_M
R_7L2ZFH30GeZZJpD,Neg C P D_1,55,P_M
R_7L2ZFH30GeZZJpD,Aff M M C_1,55,P_M
R_7L2ZFH30GeZZJpD,Neg P P C_1,55,P_M
R_7L2ZFH30GeZZJpD,Neg M 0 E_1,40,P_M
R_7L2ZFH30GeZZJpD,Neg C 0 A_1,40,P_M
R_7kOCrmtdvVM7Bp7,Aff C C B_1,100,P_M
R_7kOCrmtdvVM7Bp7,Aff M C A_1,100,P_M
R_7kOCrmtdvVM7Bp7,Aff P C B_1,100,P_M
R_7kOCrmtdvVM7Bp7,Neg P 0 A_1,100,P_M
R_7kOCrmtdvVM7Bp7,Neg M M E_1,0,P_M
R_7kOCrmtdvVM7Bp7,Aff M 0 D_1,0,P_M
R_7kOCrmtdvVM7Bp7,Neg M C E_1,0,P_M
R_7kOCrmtdvVM7Bp7,Aff C 0 C_1,0,P_M
R_7kOCrmtdvVM7Bp7,Neg P M D_1,0,P_M
R_7kOCrmtdvVM7Bp7,Neg C M B_1,0,P_M
R_7kOCrmtdvVM7Bp7,Aff C P C_1,0,P_M
R_7kOCrmtdvVM7Bp7,Aff P P D_1,0,P_M
R_7JpVFzrhCHvngm9,Aff M C E_1,92,P_M
R_7JpVFzrhCHvngm9,Aff P P C_1,90,P_M
R_7JpVFzrhCHvngm9,Aff P C A_1,87,P_M
R_7JpVFzrhCHvngm9,Aff C C A_1,85,P_M
R_7JpVFzrhCHvngm9,Neg P 0 E_1,84,P_M
R_7JpVFzrhCHvngm9,Neg P M C_1,82,P_M
R_7JpVFzrhCHvngm9,Aff C P B_1,5,P_M
R_7JpVFzrhCHvngm9,Neg M C D_1,0,P_M
R_7JpVFzrhCHvngm9,Neg C M A_1,0,P_M
R_7JpVFzrhCHvngm9,Aff C 0 B_1,0,P_M
R_7JpVFzrhCHvngm9,Neg M M D_1,0,P_M
R_7JpVFzrhCHvngm9,Aff M 0 C_1,0,P_M
R_7JJfpjgiiVgyhY7,Neg P P E_1,81,P_M
R_7JJfpjgiiVgyhY7,Neg P C E_1,75,P_M
R_7JJfpjgiiVgyhY7,Aff P M B_1,73,P_M
R_7JJfpjgiiVgyhY7,Aff M M E_1,62,P_M
R_7JJfpjgiiVgyhY7,Aff M P C_1,37,P_M
R_7JJfpjgiiVgyhY7,Neg M P C_1,37,P_M
R_7JJfpjgiiVgyhY7,Neg M 0 B_1,18,P_M
R_7JJfpjgiiVgyhY7,Aff P 0 D_1,14,P_M
R_7JJfpjgiiVgyhY7,Aff C M D_1,12,P_M
R_7JJfpjgiiVgyhY7,Neg C P A_1,10,P_M
R_7JJfpjgiiVgyhY7,Neg C 0 C_1,0,P_M
R_7JJfpjgiiVgyhY7,Neg C C A_1,0,P_M
R_7HnPMwhJIDbIyEI,Aff P P A_6,100,P_M
R_7HnPMwhJIDbIyEI,Aff C C D_1,95,P_M
R_7HnPMwhJIDbIyEI,Aff P C D_1,85,P_M
R_7HnPMwhJIDbIyEI,Aff M C C_1,80,P_M
R_7HnPMwhJIDbIyEI,Neg P 0 C_1,80,P_M
R_7HnPMwhJIDbIyEI,Neg P M A_1,70,P_M
R_7HnPMwhJIDbIyEI,Aff C P E_1,20,P_M
R_7HnPMwhJIDbIyEI,Neg M M B_1,5,P_M
R_7HnPMwhJIDbIyEI,Neg M C B_1,5,P_M
R_7HnPMwhJIDbIyEI,Neg C M C_1,0,P_M
R_7HnPMwhJIDbIyEI,Aff C 0 E_1,0,P_M
R_7HnPMwhJIDbIyEI,Aff M 0 A_1,0,P_M
R_7H5JHTrKEFE4H7X,Neg P M B_1,92,P_M
R_7H5JHTrKEFE4H7X,Aff M C D_1,91,P_M
R_7H5JHTrKEFE4H7X,Neg M C C_1,88,P_M
R_7H5JHTrKEFE4H7X,Neg M M C_1,87,P_M
R_7H5JHTrKEFE4H7X,Aff P C E_1,86,P_M
R_7H5JHTrKEFE4H7X,Neg C M E_1,86,P_M
R_7H5JHTrKEFE4H7X,Aff C C E_1,84,P_M
R_7H5JHTrKEFE4H7X,Aff P P B_1,83,P_M
R_7H5JHTrKEFE4H7X,Neg P 0 D_1,10,P_M
R_7H5JHTrKEFE4H7X,Aff C P A_1,6,P_M
R_7H5JHTrKEFE4H7X,Aff C 0 A_1,0,P_M
R_7H5JHTrKEFE4H7X,Aff M 0 B_1,0,P_M
R_7efijuq77valyrD,Aff M M D_1,100,P_M
R_7efijuq77valyrD,Neg M 0 A_1,100,P_M
R_7efijuq77valyrD,Neg C 0 B_1,100,P_M
R_7efijuq77valyrD,Neg P C D_1,100,P_M
R_7efijuq77valyrD,Neg C C E_1,100,P_M
R_7efijuq77valyrD,Neg C P E_1,100,P_M
R_7efijuq77valyrD,Aff P M A_1,13,P_M
R_7efijuq77valyrD,Aff C M C_1,8,P_M
R_7efijuq77valyrD,Neg P P D_1,0,P_M
R_7efijuq77valyrD,Aff M P B_1,0,P_M
R_7efijuq77valyrD,Aff P 0 A_1_1,0,P_M
R_7efijuq77valyrD,Neg M P B_1,0,P_M
R_7di2OyM1IJy8rkn,Aff M C E_1,89,P_M
R_7di2OyM1IJy8rkn,Aff P C A_1,87,P_M
R_7di2OyM1IJy8rkn,Aff P P C_1,85,P_M
R_7di2OyM1IJy8rkn,Aff C C A_1,37,P_M
R_7di2OyM1IJy8rkn,Aff C 0 B_1,33,P_M
R_7di2OyM1IJy8rkn,Neg P M C_1,12,P_M
R_7di2OyM1IJy8rkn,Neg P 0 E_1,3,P_M
R_7di2OyM1IJy8rkn,Aff M 0 C_1,0,P_M
R_7di2OyM1IJy8rkn,Neg M M D_1,0,P_M
R_7di2OyM1IJy8rkn,Neg C M A_1,0,P_M
R_7di2OyM1IJy8rkn,Aff C P B_1,0,P_M
R_7di2OyM1IJy8rkn,Neg M C D_1,0,P_M
R_7dHogG0g6d2kBfh,Aff M C D_1,100,P_M
R_7dHogG0g6d2kBfh,Neg C M E_1,100,P_M
R_7dHogG0g6d2kBfh,Aff P P B_1,100,P_M
R_7dHogG0g6d2kBfh,Aff C C E_1,100,P_M
R_7dHogG0g6d2kBfh,Aff C P A_1,10,P_M
R_7dHogG0g6d2kBfh,Neg M M C_1,7,P_M
R_7dHogG0g6d2kBfh,Aff C 0 A_1,4,P_M
R_7dHogG0g6d2kBfh,Aff P C E_1,0,P_M
R_7dHogG0g6d2kBfh,Neg M C C_1,0,P_M
R_7dHogG0g6d2kBfh,Neg P M B_1,0,P_M
R_7dHogG0g6d2kBfh,Aff M 0 B_1,0,P_M
R_7dHogG0g6d2kBfh,Neg P 0 D_1,0,P_M
R_7c7453HmpQO51WO,Aff P P A_6,100,P_M
R_7c7453HmpQO51WO,Aff P C D_1,94,P_M
R_7c7453HmpQO51WO,Neg P 0 C_1,79,P_M
R_7c7453HmpQO51WO,Aff M C C_1,74,P_M
R_7c7453HmpQO51WO,Aff M 0 A_1,69,P_M
R_7c7453HmpQO51WO,Neg P M A_1,66,P_M
R_7c7453HmpQO51WO,Aff C C D_1,57,P_M
R_7c7453HmpQO51WO,Neg C M C_1,48,P_M
R_7c7453HmpQO51WO,Neg M C B_1,44,P_M
R_7c7453HmpQO51WO,Neg M M B_1,39,P_M
R_7c7453HmpQO51WO,Aff C 0 E_1,32,P_M
R_7c7453HmpQO51WO,Aff C P E_1,24,P_M
R_7C3cDXxROzObOMW,Neg M P E_1,100,P_M
R_7C3cDXxROzObOMW,Neg M 0 D_1,100,P_M
R_7C3cDXxROzObOMW,Neg C 0 E_1,100,P_M
R_7C3cDXxROzObOMW,Aff C M A_1,100,P_M
R_7C3cDXxROzObOMW,Aff M M B_1,99,P_M
R_7C3cDXxROzObOMW,Aff P M D_1,95,P_M
R_7C3cDXxROzObOMW,Aff P 0 A_1,2,P_M
R_7C3cDXxROzObOMW,Neg P C B_1,0,P_M
R_7C3cDXxROzObOMW,Neg C P C_1,0,P_M
R_7C3cDXxROzObOMW,Neg C C C_1,0,P_M
R_7C3cDXxROzObOMW,Neg P P B_1,0,P_M
R_7C3cDXxROzObOMW,Aff M P E_1,0,P_M
R_79BDFQGErp7JJ4Z,Aff M C D_1,85,P_M
R_79BDFQGErp7JJ4Z,Aff C C E_1,80,P_M
R_79BDFQGErp7JJ4Z,Aff P C E_1,73,P_M
R_79BDFQGErp7JJ4Z,Aff P P B_1,65,P_M
R_79BDFQGErp7JJ4Z,Neg P M B_1,49,P_M
R_79BDFQGErp7JJ4Z,Neg C M E_1,19,P_M
R_79BDFQGErp7JJ4Z,Aff C P A_1,15,P_M
R_79BDFQGErp7JJ4Z,Neg M M C_1,15,P_M
R_79BDFQGErp7JJ4Z,Aff C 0 A_1,10,P_M
R_79BDFQGErp7JJ4Z,Neg M C C_1,10,P_M
R_79BDFQGErp7JJ4Z,Aff M 0 B_1,8,P_M
R_79BDFQGErp7JJ4Z,Neg P 0 D_1,7,P_M
R_76P0Q5s4mbZYEVj,Neg C 0 A_1,100,P_M
R_76P0Q5s4mbZYEVj,Aff M M C_1,100,P_M
R_76P0Q5s4mbZYEVj,Neg M 0 E_1,100,P_M
R_76P0Q5s4mbZYEVj,Neg M P A_1,100,P_M
R_76P0Q5s4mbZYEVj,Neg C P D_1,95,P_M
R_76P0Q5s4mbZYEVj,Aff P 0 B_1,95,P_M
R_76P0Q5s4mbZYEVj,Aff C M B_1,85,P_M
R_76P0Q5s4mbZYEVj,Aff P M E_1,15,P_M
R_76P0Q5s4mbZYEVj,Neg P C C_1,5,P_M
R_76P0Q5s4mbZYEVj,Neg C C D_1,0,P_M
R_76P0Q5s4mbZYEVj,Neg P P C_1,0,P_M
R_76P0Q5s4mbZYEVj,Aff M P A_1,0,P_M
R_75scJ7XPuMxAaJc,Aff P P E_1,96,P_M
R_75scJ7XPuMxAaJc,Neg P 0 B_1,88,P_M
R_75scJ7XPuMxAaJc,Aff M C B_1,84,P_M
R_75scJ7XPuMxAaJc,Aff C C C_1,81,P_M
R_75scJ7XPuMxAaJc,Aff P C C_1,76,P_M
R_75scJ7XPuMxAaJc,Neg M M A_1,62,P_M
R_75scJ7XPuMxAaJc,Neg C M D_1,50,P_M
R_75scJ7XPuMxAaJc,Neg P M E_1,50,P_M
R_75scJ7XPuMxAaJc,Neg M C A_1,42,P_M
R_75scJ7XPuMxAaJc,Aff C P D_1,29,P_M
R_75scJ7XPuMxAaJc,Aff C 0 D_1,10,P_M
R_75scJ7XPuMxAaJc,Aff M 0 E_1,5,P_M
R_74eIyjowfKedQeA,Aff P C A_1,100,P_M
R_74eIyjowfKedQeA,Neg P M C_1,100,P_M
R_74eIyjowfKedQeA,Neg P 0 E_1,100,P_M
R_74eIyjowfKedQeA,Neg C M A_1,100,P_M
R_74eIyjowfKedQeA,Aff P P C_1,100,P_M
R_74eIyjowfKedQeA,Aff C C A_1,100,P_M
R_74eIyjowfKedQeA,Aff M C E_1,70,P_M
R_74eIyjowfKedQeA,Neg M C D_1,0,P_M
R_74eIyjowfKedQeA,Aff C 0 B_1,0,P_M
R_74eIyjowfKedQeA,Aff C P B_1,0,P_M
R_74eIyjowfKedQeA,Neg M M D_1,0,P_M
R_74eIyjowfKedQeA,Aff M 0 C_1,0,P_M
R_72LJN31vVoA7dtN,Aff C C A_1,78,P_M
R_72LJN31vVoA7dtN,Aff M C E_1,78,P_M
R_72LJN31vVoA7dtN,Aff P P C_1,59,P_M
R_72LJN31vVoA7dtN,Aff P C A_1,41,P_M
R_72LJN31vVoA7dtN,Aff C P B_1,33,P_M
R_72LJN31vVoA7dtN,Neg P 0 E_1,27,P_M
R_72LJN31vVoA7dtN,Neg M C D_1,2,P_M
R_72LJN31vVoA7dtN,Neg M M D_1,1,P_M
R_72LJN31vVoA7dtN,Neg C M A_1,1,P_M
R_72LJN31vVoA7dtN,Neg P M C_1,1,P_M
R_72LJN31vVoA7dtN,Aff C 0 B_1,0,P_M
R_72LJN31vVoA7dtN,Aff M 0 C_1,0,P_M
R_72Lamtaj4lLSx7E,Aff P C B_1,100,P_M
R_72Lamtaj4lLSx7E,Aff M C A_1,96,P_M
R_72Lamtaj4lLSx7E,Neg P 0 A_1,93,P_M
R_72Lamtaj4lLSx7E,Aff C C B_1,88,P_M
R_72Lamtaj4lLSx7E,Aff P P D_1,86,P_M
R_72Lamtaj4lLSx7E,Neg C M B_1,27,P_M
R_72Lamtaj4lLSx7E,Aff C P C_1,23,P_M
R_72Lamtaj4lLSx7E,Neg P M D_1,14,P_M
R_72Lamtaj4lLSx7E,Neg M C E_1,10,P_M
R_72Lamtaj4lLSx7E,Neg M M E_1,3,P_M
R_72Lamtaj4lLSx7E,Aff M 0 D_1,2,P_M
R_72Lamtaj4lLSx7E,Aff C 0 C_1,0,P_M
R_70IML1fzSFO2KxG,Neg P 0 D_1,100,P_M
R_70IML1fzSFO2KxG,Neg M C C_1,100,P_M
R_70IML1fzSFO2KxG,Aff C C E_1,96,P_M
R_70IML1fzSFO2KxG,Aff P P B_1,95,P_M
R_70IML1fzSFO2KxG,Neg P M B_1,87,P_M
R_70IML1fzSFO2KxG,Aff M C D_1,86,P_M
R_70IML1fzSFO2KxG,Aff P C E_1,30,P_M
R_70IML1fzSFO2KxG,Aff C P A_1,7,P_M
R_70IML1fzSFO2KxG,Neg C M E_1,5,P_M
R_70IML1fzSFO2KxG,Aff C 0 A_1,0,P_M
R_70IML1fzSFO2KxG,Aff M 0 B_1,0,P_M
R_70IML1fzSFO2KxG,Neg M M C_1,0,P_M
R_6wLC8QGIIJMPhIJ,Aff M C C_1,80,P_M
R_6wLC8QGIIJMPhIJ,Aff P P A_6,75,P_M
R_6wLC8QGIIJMPhIJ,Aff P C D_1,60,P_M
R_6wLC8QGIIJMPhIJ,Neg C M C_1,50,P_M
R_6wLC8QGIIJMPhIJ,Aff C C D_1,30,P_M
R_6wLC8QGIIJMPhIJ,Neg P M A_1,10,P_M
R_6wLC8QGIIJMPhIJ,Neg M C B_1,10,P_M
R_6wLC8QGIIJMPhIJ,Neg M M B_1,5,P_M
R_6wLC8QGIIJMPhIJ,Neg P 0 C_1,5,P_M
R_6wLC8QGIIJMPhIJ,Aff C 0 E_1,0,P_M
R_6wLC8QGIIJMPhIJ,Aff M 0 A_1,0,P_M
R_6wLC8QGIIJMPhIJ,Aff C P E_1,0,P_M
R_6vjeZ00o7utgVUS,Aff C C A_1,84,P_M
R_6vjeZ00o7utgVUS,Aff P C A_1,80,P_M
R_6vjeZ00o7utgVUS,Neg P M C_1,80,P_M
R_6vjeZ00o7utgVUS,Aff M C E_1,76,P_M
R_6vjeZ00o7utgVUS,Neg P 0 E_1,66,P_M
R_6vjeZ00o7utgVUS,Aff P P C_1,28,P_M
R_6vjeZ00o7utgVUS,Neg M M D_1,21,P_M
R_6vjeZ00o7utgVUS,Neg C M A_1,20,P_M
R_6vjeZ00o7utgVUS,Aff C 0 B_1,20,P_M
R_6vjeZ00o7utgVUS,Aff C P B_1,18,P_M
R_6vjeZ00o7utgVUS,Aff M 0 C_1,16,P_M
R_6vjeZ00o7utgVUS,Neg M C D_1,14,P_M
R_6UVV5Sr1mhbYgvv,Aff M M C_1,87,P_M
R_6UVV5Sr1mhbYgvv,Aff C M B_1,68,P_M
R_6UVV5Sr1mhbYgvv,Neg M 0 E_1,61,P_M
R_6UVV5Sr1mhbYgvv,Neg M P A_1,60,P_M
R_6UVV5Sr1mhbYgvv,Neg C 0 A_1,58,P_M
R_6UVV5Sr1mhbYgvv,Neg C P D_1,55,P_M
R_6UVV5Sr1mhbYgvv,Aff P M E_1,44,P_M
R_6UVV5Sr1mhbYgvv,Aff M P A_1,38,P_M
R_6UVV5Sr1mhbYgvv,Neg P C C_1,29,P_M
R_6UVV5Sr1mhbYgvv,Neg C C D_1,8,P_M
R_6UVV5Sr1mhbYgvv,Aff P 0 B_1,0,P_M
R_6UVV5Sr1mhbYgvv,Neg P P C_1,0,P_M
R_6qy23gg1pfSYhIx,Neg M 0 A_1,76,P_M
R_6qy23gg1pfSYhIx,Aff M M D_1,66,P_M
R_6qy23gg1pfSYhIx,Aff M P B_1,56,P_M
R_6qy23gg1pfSYhIx,Aff P 0 A_1_1,53,P_M
R_6qy23gg1pfSYhIx,Neg M P B_1,46,P_M
R_6qy23gg1pfSYhIx,Aff P M A_1,40,P_M
R_6qy23gg1pfSYhIx,Aff C M C_1,30,P_M
R_6qy23gg1pfSYhIx,Neg P C D_1,28,P_M
R_6qy23gg1pfSYhIx,Neg C P E_1,25,P_M
R_6qy23gg1pfSYhIx,Neg P P D_1,23,P_M
R_6qy23gg1pfSYhIx,Neg C 0 B_1,20,P_M
R_6qy23gg1pfSYhIx,Neg C C E_1,14,P_M
R_6qbMC2eMdEIBwKl,Neg C P B_1,94,P_M
R_6qbMC2eMdEIBwKl,Neg C 0 D_1,93,P_M
R_6qbMC2eMdEIBwKl,Neg M 0 C_1,91,P_M
R_6qbMC2eMdEIBwKl,Aff C M E_1,91,P_M
R_6qbMC2eMdEIBwKl,Neg M P D_1,86,P_M
R_6qbMC2eMdEIBwKl,Aff M M A_1,83,P_M
R_6qbMC2eMdEIBwKl,Aff M P D_1,10,P_M
R_6qbMC2eMdEIBwKl,Neg P P A_1,9,P_M
R_6qbMC2eMdEIBwKl,Neg C C B_1,8,P_M
R_6qbMC2eMdEIBwKl,Neg P C A_1,7,P_M
R_6qbMC2eMdEIBwKl,Aff P 0 E_1,3,P_M
R_6qbMC2eMdEIBwKl,Aff P M C_1,1,P_M
R_6Pctyo0Y2x7NfVr,Neg C 0 D_1,86,P_M
R_6Pctyo0Y2x7NfVr,Neg M 0 C_1,83,P_M
R_6Pctyo0Y2x7NfVr,Aff M M A_1,81,P_M
R_6Pctyo0Y2x7NfVr,Neg M P D_1,81,P_M
R_6Pctyo0Y2x7NfVr,Aff C M E_1,9,P_M
R_6Pctyo0Y2x7NfVr,Neg C P B_1,0,P_M
R_6Pctyo0Y2x7NfVr,Neg P C A_1,0,P_M
R_6Pctyo0Y2x7NfVr,Neg P P A_1,0,P_M
R_6Pctyo0Y2x7NfVr,Aff P M C_1,0,P_M
R_6Pctyo0Y2x7NfVr,Aff M P D_1,0,P_M
R_6Pctyo0Y2x7NfVr,Neg C C B_1,0,P_M
R_6Pctyo0Y2x7NfVr,Aff P 0 E_1,0,P_M
R_6p9j6zxaPajuPK8,Aff P P A_6,88,P_M
R_6p9j6zxaPajuPK8,Aff M C C_1,86,P_M
R_6p9j6zxaPajuPK8,Neg P 0 C_1,74,P_M
R_6p9j6zxaPajuPK8,Aff P C D_1,60,P_M
R_6p9j6zxaPajuPK8,Neg P M A_1,54,P_M
R_6p9j6zxaPajuPK8,Neg M M B_1,44,P_M
R_6p9j6zxaPajuPK8,Aff M 0 A_1,20,P_M
R_6p9j6zxaPajuPK8,Aff C P E_1,14,P_M
R_6p9j6zxaPajuPK8,Neg M C B_1,8,P_M
R_6p9j6zxaPajuPK8,Neg C M C_1,6,P_M
R_6p9j6zxaPajuPK8,Aff C 0 E_1,6,P_M
R_6p9j6zxaPajuPK8,Aff C C D_1,6,P_M
R_6N9C1d4u7ENNPXP,Aff M C A_1,91,P_M
R_6N9C1d4u7ENNPXP,Aff P P D_1,88,P_M
R_6N9C1d4u7ENNPXP,Neg P M D_1,80,P_M
R_6N9C1d4u7ENNPXP,Aff P C B_1,78,P_M
R_6N9C1d4u7ENNPXP,Neg C M B_1,57,P_M
R_6N9C1d4u7ENNPXP,Aff C C B_1,40,P_M
R_6N9C1d4u7ENNPXP,Aff C P C_1,34,P_M
R_6N9C1d4u7ENNPXP,Neg P 0 A_1,32,P_M
R_6N9C1d4u7ENNPXP,Aff C 0 C_1,14,P_M
R_6N9C1d4u7ENNPXP,Neg M M E_1,7,P_M
R_6N9C1d4u7ENNPXP,Neg M C E_1,4,P_M
R_6N9C1d4u7ENNPXP,Aff M 0 D_1,0,P_M
R_6MPri68Yc6DA6NF,Neg M P E_1,100,P_M
R_6MPri68Yc6DA6NF,Aff M M B_1,100,P_M
R_6MPri68Yc6DA6NF,Neg M 0 D_1,95,P_M
R_6MPri68Yc6DA6NF,Neg C 0 E_1,80,P_M
R_6MPri68Yc6DA6NF,Aff C M A_1,70,P_M
R_6MPri68Yc6DA6NF,Neg C P C_1,65,P_M
R_6MPri68Yc6DA6NF,Aff P M D_1,55,P_M
R_6MPri68Yc6DA6NF,Neg C C C_1,0,P_M
R_6MPri68Yc6DA6NF,Neg P C B_1,0,P_M
R_6MPri68Yc6DA6NF,Aff M P E_1,0,P_M
R_6MPri68Yc6DA6NF,Neg P P B_1,0,P_M
R_6MPri68Yc6DA6NF,Aff P 0 A_1,0,P_M
R_6LcehCHDKTOIONg,Neg M M C_1,100,P_M
R_6LcehCHDKTOIONg,Neg M C C_1,100,P_M
R_6LcehCHDKTOIONg,Aff M C D_1,65,P_M
R_6LcehCHDKTOIONg,Aff M 0 B_1,63,P_M
R_6LcehCHDKTOIONg,Aff C C E_1,0,P_M
R_6LcehCHDKTOIONg,Aff C P A_1,0,P_M
R_6LcehCHDKTOIONg,Aff P P B_1,0,P_M
R_6LcehCHDKTOIONg,Neg P M B_1,0,P_M
R_6LcehCHDKTOIONg,Neg C M E_1,0,P_M
R_6LcehCHDKTOIONg,Neg P 0 D_1,0,P_M
R_6LcehCHDKTOIONg,Aff P C E_1,0,P_M
R_6LcehCHDKTOIONg,Aff C 0 A_1,0,P_M
R_6KZRkrHQsBBkTal,Aff M C A_1,100,P_M
R_6KZRkrHQsBBkTal,Aff C C B_1,100,P_M
R_6KZRkrHQsBBkTal,Aff P C B_1,90,P_M
R_6KZRkrHQsBBkTal,Aff C 0 C_1,50,P_M
R_6KZRkrHQsBBkTal,Neg P 0 A_1,7,P_M
R_6KZRkrHQsBBkTal,Neg P M D_1,0,P_M
R_6KZRkrHQsBBkTal,Aff M 0 D_1,0,P_M
R_6KZRkrHQsBBkTal,Neg M C E_1,0,P_M
R_6KZRkrHQsBBkTal,Neg M M E_1,0,P_M
R_6KZRkrHQsBBkTal,Aff C P C_1,0,P_M
R_6KZRkrHQsBBkTal,Aff P P D_1,0,P_M
R_6KZRkrHQsBBkTal,Neg C M B_1,0,P_M
R_6J3lk5Gc4T11uZH,Aff C C E_1,100,P_M
R_6J3lk5Gc4T11uZH,Aff P C E_1,100,P_M
R_6J3lk5Gc4T11uZH,Neg P 0 D_1,100,P_M
R_6J3lk5Gc4T11uZH,Neg C M E_1,100,P_M
R_6J3lk5Gc4T11uZH,Neg M C C_1,100,P_M
R_6J3lk5Gc4T11uZH,Aff M C D_1,100,P_M
R_6J3lk5Gc4T11uZH,Aff P P B_1,100,P_M
R_6J3lk5Gc4T11uZH,Neg P M B_1,41,P_M
R_6J3lk5Gc4T11uZH,Aff C 0 A_1,0,P_M
R_6J3lk5Gc4T11uZH,Aff M 0 B_1,0,P_M
R_6J3lk5Gc4T11uZH,Neg M M C_1,0,P_M
R_6J3lk5Gc4T11uZH,Aff C P A_1,0,P_M
R_6IRRk1HQJ7ZCm3G,Aff C C B_1,92,P_M
R_6IRRk1HQJ7ZCm3G,Neg M C E_1,60,P_M
R_6IRRk1HQJ7ZCm3G,Aff M C A_1,51,P_M
R_6IRRk1HQJ7ZCm3G,Aff P C B_1,31,P_M
R_6IRRk1HQJ7ZCm3G,Aff P P D_1,25,P_M
R_6IRRk1HQJ7ZCm3G,Neg P M D_1,17,P_M
R_6IRRk1HQJ7ZCm3G,Neg M M E_1,15,P_M
R_6IRRk1HQJ7ZCm3G,Neg C M B_1,10,P_M
R_6IRRk1HQJ7ZCm3G,Aff C P C_1,5,P_M
R_6IRRk1HQJ7ZCm3G,Aff M 0 D_1,1,P_M
R_6IRRk1HQJ7ZCm3G,Neg P 0 A_1,0,P_M
R_6IRRk1HQJ7ZCm3G,Aff C 0 C_1,0,P_M
R_6imYAYZwqEIZQ9E,Aff M C D_1,100,P_M
R_6imYAYZwqEIZQ9E,Aff P P B_1,100,P_M
R_6imYAYZwqEIZQ9E,Aff P C E_1,90,P_M
R_6imYAYZwqEIZQ9E,Aff C C E_1,79,P_M
R_6imYAYZwqEIZQ9E,Neg P M B_1,71,P_M
R_6imYAYZwqEIZQ9E,Aff C P A_1,43,P_M
R_6imYAYZwqEIZQ9E,Neg C M E_1,12,P_M
R_6imYAYZwqEIZQ9E,Neg M C C_1,0,P_M
R_6imYAYZwqEIZQ9E,Neg M M C_1,0,P_M
R_6imYAYZwqEIZQ9E,Aff M 0 B_1,0,P_M
R_6imYAYZwqEIZQ9E,Aff C 0 A_1,0,P_M
R_6imYAYZwqEIZQ9E,Neg P 0 D_1,0,P_M
R_6fSOiEVlVxH1eUj,Aff M M E_1,89,P_M
R_6fSOiEVlVxH1eUj,Aff P M B_1,64,P_M
R_6fSOiEVlVxH1eUj,Aff P 0 D_1,50,P_M
R_6fSOiEVlVxH1eUj,Neg M 0 B_1,36,P_M
R_6fSOiEVlVxH1eUj,Neg C C A_1,24,P_M
R_6fSOiEVlVxH1eUj,Neg C P A_1,22,P_M
R_6fSOiEVlVxH1eUj,Neg P P E_1,22,P_M
R_6fSOiEVlVxH1eUj,Neg P C E_1,22,P_M
R_6fSOiEVlVxH1eUj,Neg M P C_1,20,P_M
R_6fSOiEVlVxH1eUj,Neg C 0 C_1,11,P_M
R_6fSOiEVlVxH1eUj,Aff M P C_1,10,P_M
R_6fSOiEVlVxH1eUj,Aff C M D_1,0,P_M
R_6EYUo4jqFe9A9km,Aff M M E_1,100,P_M
R_6EYUo4jqFe9A9km,Neg M 0 B_1,100,P_M
R_6EYUo4jqFe9A9km,Aff P 0 D_1,99,P_M
R_6EYUo4jqFe9A9km,Aff M P C_1,90,P_M
R_6EYUo4jqFe9A9km,Neg P C E_1,90,P_M
R_6EYUo4jqFe9A9km,Aff P M B_1,86,P_M
R_6EYUo4jqFe9A9km,Neg M P C_1,83,P_M
R_6EYUo4jqFe9A9km,Neg C C A_1,83,P_M
R_6EYUo4jqFe9A9km,Neg C 0 C_1,82,P_M
R_6EYUo4jqFe9A9km,Neg P P E_1,80,P_M
R_6EYUo4jqFe9A9km,Aff C M D_1,75,P_M
R_6EYUo4jqFe9A9km,Neg C P A_1,63,P_M
R_6eRIVBGD63jKhiH,Aff P P A_6,100,P_M
R_6eRIVBGD63jKhiH,Aff M C C_1,100,P_M
R_6eRIVBGD63jKhiH,Neg P 0 C_1,63,P_M
R_6eRIVBGD63jKhiH,Aff C C D_1,54,P_M
R_6eRIVBGD63jKhiH,Aff P C D_1,28,P_M
R_6eRIVBGD63jKhiH,Neg C M C_1,6,P_M
R_6eRIVBGD63jKhiH,Neg M M B_1,0,P_M
R_6eRIVBGD63jKhiH,Neg M C B_1,0,P_M
R_6eRIVBGD63jKhiH,Aff C P E_1,0,P_M
R_6eRIVBGD63jKhiH,Neg P M A_1,0,P_M
R_6eRIVBGD63jKhiH,Aff C 0 E_1,0,P_M
R_6eRIVBGD63jKhiH,Aff M 0 A_1,0,P_M
R_6ek0Ubxai3c4qJB,Aff M P B_1,88,P_M
R_6ek0Ubxai3c4qJB,Aff P 0 A_1_1,88,P_M
R_6ek0Ubxai3c4qJB,Neg C C E_1,86,P_M
R_6ek0Ubxai3c4qJB,Aff C M C_1,83,P_M
R_6ek0Ubxai3c4qJB,Neg P C D_1,81,P_M
R_6ek0Ubxai3c4qJB,Neg P P D_1,81,P_M
R_6ek0Ubxai3c4qJB,Neg M P B_1,81,P_M
R_6ek0Ubxai3c4qJB,Aff P M A_1,78,P_M
R_6ek0Ubxai3c4qJB,Aff M M D_1,62,P_M
R_6ek0Ubxai3c4qJB,Neg M 0 A_1,48,P_M
R_6ek0Ubxai3c4qJB,Neg C 0 B_1,47,P_M
R_6ek0Ubxai3c4qJB,Neg C P E_1,46,P_M
R_6dscVjpV50YyyYv,Aff C C A_1,96,P_M
R_6dscVjpV50YyyYv,Aff M C E_1,95,P_M
R_6dscVjpV50YyyYv,Aff P C A_1,91,P_M
R_6dscVjpV50YyyYv,Neg P 0 E_1,89,P_M
R_6dscVjpV50YyyYv,Neg P M C_1,86,P_M
R_6dscVjpV50YyyYv,Aff P P C_1,78,P_M
R_6dscVjpV50YyyYv,Neg M M D_1,32,P_M
R_6dscVjpV50YyyYv,Aff M 0 C_1,31,P_M
R_6dscVjpV50YyyYv,Neg M C D_1,28,P_M
R_6dscVjpV50YyyYv,Aff C P B_1,25,P_M
R_6dscVjpV50YyyYv,Aff C 0 B_1,18,P_M
R_6dscVjpV50YyyYv,Neg C M A_1,14,P_M
R_6DdRTgCougCHC1U,Aff M C B_1,100,P_M
R_6DdRTgCougCHC1U,Aff P C C_1,100,P_M
R_6DdRTgCougCHC1U,Aff P P E_1,100,P_M
R_6DdRTgCougCHC1U,Aff C C C_1,86,P_M
R_6DdRTgCougCHC1U,Neg M M A_1,52,P_M
R_6DdRTgCougCHC1U,Neg P 0 B_1,50,P_M
R_6DdRTgCougCHC1U,Neg M C A_1,31,P_M
R_6DdRTgCougCHC1U,Neg P M E_1,22,P_M
R_6DdRTgCougCHC1U,Neg C M D_1,19,P_M
R_6DdRTgCougCHC1U,Aff C 0 D_1,0,P_M
R_6DdRTgCougCHC1U,Aff M 0 E_1,0,P_M
R_6DdRTgCougCHC1U,Aff C P D_1,0,P_M
R_6AHzPTToSASboUX,Aff M C C_1,100,P_M
R_6AHzPTToSASboUX,Neg M C B_1,97,P_M
R_6AHzPTToSASboUX,Aff C P E_1,96,P_M
R_6AHzPTToSASboUX,Aff P C D_1,80,P_M
R_6AHzPTToSASboUX,Neg M M B_1,74,P_M
R_6AHzPTToSASboUX,Aff C C D_1,70,P_M
R_6AHzPTToSASboUX,Aff M 0 A_1,69,P_M
R_6AHzPTToSASboUX,Aff P P A_6,60,P_M
R_6AHzPTToSASboUX,Aff C 0 E_1,36,P_M
R_6AHzPTToSASboUX,Neg C M C_1,33,P_M
R_6AHzPTToSASboUX,Neg P M A_1,23,P_M
R_6AHzPTToSASboUX,Neg P 0 C_1,22,P_M
R_6900Q5bOCdRw0FS,Aff P P A_6,99,P_M
R_6900Q5bOCdRw0FS,Aff P C D_1,97,P_M
R_6900Q5bOCdRw0FS,Aff M C C_1,92,P_M
R_6900Q5bOCdRw0FS,Aff C C D_1,63,P_M
R_6900Q5bOCdRw0FS,Aff C P E_1,60,P_M
R_6900Q5bOCdRw0FS,Neg M C B_1,32,P_M
R_6900Q5bOCdRw0FS,Neg C M C_1,31,P_M
R_6900Q5bOCdRw0FS,Neg P M A_1,24,P_M
R_6900Q5bOCdRw0FS,Neg M M B_1,11,P_M
R_6900Q5bOCdRw0FS,Aff M 0 A_1,9,P_M
R_6900Q5bOCdRw0FS,Aff C 0 E_1,8,P_M
R_6900Q5bOCdRw0FS,Neg P 0 C_1,3,P_M
R_5Yi2U2jXHnG6LBf,Aff P P C_1,89,P_M
R_5Yi2U2jXHnG6LBf,Neg P 0 E_1,84,P_M
R_5Yi2U2jXHnG6LBf,Aff C 0 B_1,82,P_M
R_5Yi2U2jXHnG6LBf,Neg P M C_1,80,P_M
R_5Yi2U2jXHnG6LBf,Aff P C A_1,79,P_M
R_5Yi2U2jXHnG6LBf,Aff C P B_1,73,P_M
R_5Yi2U2jXHnG6LBf,Aff M C E_1,72,P_M
R_5Yi2U2jXHnG6LBf,Aff C C A_1,66,P_M
R_5Yi2U2jXHnG6LBf,Neg M M D_1,64,P_M
R_5Yi2U2jXHnG6LBf,Neg C M A_1,59,P_M
R_5Yi2U2jXHnG6LBf,Neg M C D_1,59,P_M
R_5Yi2U2jXHnG6LBf,Aff M 0 C_1,11,P_M
R_5wtdyp0lxU5AToQ,Neg M 0 A_1,99,P_M
R_5wtdyp0lxU5AToQ,Aff M M D_1,99,P_M
R_5wtdyp0lxU5AToQ,Neg C P E_1,99,P_M
R_5wtdyp0lxU5AToQ,Neg M P B_1,99,P_M
R_5wtdyp0lxU5AToQ,Aff P 0 A_1_1,98,P_M
R_5wtdyp0lxU5AToQ,Neg P C D_1,3,P_M
R_5wtdyp0lxU5AToQ,Neg C 0 B_1,2,P_M
R_5wtdyp0lxU5AToQ,Neg C C E_1,2,P_M
R_5wtdyp0lxU5AToQ,Aff M P B_1,1,P_M
R_5wtdyp0lxU5AToQ,Aff P M A_1,1,P_M
R_5wtdyp0lxU5AToQ,Neg P P D_1,1,P_M
R_5wtdyp0lxU5AToQ,Aff C M C_1,1,P_M
R_5SklN68FH24glcT,Aff P P A_6,94,P_M
R_5SklN68FH24glcT,Neg P 0 C_1,77,P_M
R_5SklN68FH24glcT,Neg C M C_1,75,P_M
R_5SklN68FH24glcT,Aff P C D_1,69,P_M
R_5SklN68FH24glcT,Aff M C C_1,55,P_M
R_5SklN68FH24glcT,Neg P M A_1,49,P_M
R_5SklN68FH24glcT,Aff C C D_1,26,P_M
R_5SklN68FH24glcT,Aff M 0 A_1,19,P_M
R_5SklN68FH24glcT,Aff C 0 E_1,18,P_M
R_5SklN68FH24glcT,Neg M M B_1,9,P_M
R_5SklN68FH24glcT,Neg M C B_1,9,P_M
R_5SklN68FH24glcT,Aff C P E_1,5,P_M
R_5sCigj4pBA3E39D,Aff P P E_1,100,P_M
R_5sCigj4pBA3E39D,Aff P C C_1,100,P_M
R_5sCigj4pBA3E39D,Aff M C B_1,100,P_M
R_5sCigj4pBA3E39D,Neg P 0 B_1,100,P_M
R_5sCigj4pBA3E39D,Aff C C C_1,100,P_M
R_5sCigj4pBA3E39D,Neg C M D_1,87,P_M
R_5sCigj4pBA3E39D,Neg P M E_1,75,P_M
R_5sCigj4pBA3E39D,Aff C P D_1,10,P_M
R_5sCigj4pBA3E39D,Neg M C A_1,4,P_M
R_5sCigj4pBA3E39D,Neg M M A_1,0,P_M
R_5sCigj4pBA3E39D,Aff M 0 E_1,0,P_M
R_5sCigj4pBA3E39D,Aff C 0 D_1,0,P_M
R_5rjjKbSIwnDXP6X,Aff C M C_1,100,P_M
R_5rjjKbSIwnDXP6X,Neg M P B_1,100,P_M
R_5rjjKbSIwnDXP6X,Aff P 0 A_1_1,100,P_M
R_5rjjKbSIwnDXP6X,Aff P M A_1,100,P_M
R_5rjjKbSIwnDXP6X,Neg P P D_1,100,P_M
R_5rjjKbSIwnDXP6X,Aff M M D_1,100,P_M
R_5rjjKbSIwnDXP6X,Aff M P B_1,100,P_M
R_5rjjKbSIwnDXP6X,Neg M 0 A_1,18,P_M
R_5rjjKbSIwnDXP6X,Neg C P E_1,12,P_M
R_5rjjKbSIwnDXP6X,Neg P C D_1,0,P_M
R_5rjjKbSIwnDXP6X,Neg C 0 B_1,0,P_M
R_5rjjKbSIwnDXP6X,Neg C C E_1,0,P_M
R_5Rfkk0WLWdkUlXW,Neg C 0 E_1,100,P_M
R_5Rfkk0WLWdkUlXW,Neg M 0 D_1,100,P_M
R_5Rfkk0WLWdkUlXW,Neg M P E_1,100,P_M
R_5Rfkk0WLWdkUlXW,Aff M M B_1,99,P_M
R_5Rfkk0WLWdkUlXW,Neg C P C_1,75,P_M
R_5Rfkk0WLWdkUlXW,Aff C M A_1,24,P_M
R_5Rfkk0WLWdkUlXW,Aff P M D_1,20,P_M
R_5Rfkk0WLWdkUlXW,Neg C C C_1,0,P_M
R_5Rfkk0WLWdkUlXW,Neg P C B_1,0,P_M
R_5Rfkk0WLWdkUlXW,Aff M P E_1,0,P_M
R_5Rfkk0WLWdkUlXW,Neg P P B_1,0,P_M
R_5Rfkk0WLWdkUlXW,Aff P 0 A_1,0,P_M
R_5rCmau8uSOntxQK,Aff P P C_1,100,P_M
R_5rCmau8uSOntxQK,Aff C C A_1,100,P_M
R_5rCmau8uSOntxQK,Aff P C A_1,100,P_M
R_5rCmau8uSOntxQK,Aff M C E_1,100,P_M
R_5rCmau8uSOntxQK,Neg P M C_1,100,P_M
R_5rCmau8uSOntxQK,Neg P 0 E_1,100,P_M
R_5rCmau8uSOntxQK,Neg C M A_1,0,P_M
R_5rCmau8uSOntxQK,Aff C P B_1,0,P_M
R_5rCmau8uSOntxQK,Neg M C D_1,0,P_M
R_5rCmau8uSOntxQK,Aff M 0 C_1,0,P_M
R_5rCmau8uSOntxQK,Neg M M D_1,0,P_M
R_5rCmau8uSOntxQK,Aff C 0 B_1,0,P_M
R_5r8NDpSi1m9vJWh,Aff C C E_1,88,P_M
R_5r8NDpSi1m9vJWh,Aff M C D_1,72,P_M
R_5r8NDpSi1m9vJWh,Aff P P B_1,68,P_M
R_5r8NDpSi1m9vJWh,Aff P C E_1,62,P_M
R_5r8NDpSi1m9vJWh,Neg P M B_1,29,P_M
R_5r8NDpSi1m9vJWh,Aff C P A_1,17,P_M
R_5r8NDpSi1m9vJWh,Neg M C C_1,16,P_M
R_5r8NDpSi1m9vJWh,Neg C M E_1,13,P_M
R_5r8NDpSi1m9vJWh,Aff C 0 A_1,10,P_M
R_5r8NDpSi1m9vJWh,Neg P 0 D_1,9,P_M
R_5r8NDpSi1m9vJWh,Neg M M C_1,6,P_M
R_5r8NDpSi1m9vJWh,Aff M 0 B_1,5,P_M
R_5OYZUyI4BpEy0GB,Neg M P B_1,100,P_M
R_5OYZUyI4BpEy0GB,Neg C 0 B_1,100,P_M
R_5OYZUyI4BpEy0GB,Aff M M D_1,100,P_M
R_5OYZUyI4BpEy0GB,Neg C P E_1,100,P_M
R_5OYZUyI4BpEy0GB,Neg M 0 A_1,65,P_M
R_5OYZUyI4BpEy0GB,Aff P M A_1,60,P_M
R_5OYZUyI4BpEy0GB,Aff P 0 A_1_1,60,P_M
R_5OYZUyI4BpEy0GB,Neg P C D_1,10,P_M
R_5OYZUyI4BpEy0GB,Neg P P D_1,10,P_M
R_5OYZUyI4BpEy0GB,Aff C M C_1,10,P_M
R_5OYZUyI4BpEy0GB,Neg C C E_1,0,P_M
R_5OYZUyI4BpEy0GB,Aff M P B_1,0,P_M
R_5oXdw9iFdQ4ibOk,Aff P P B_1,100,P_M
R_5oXdw9iFdQ4ibOk,Aff P C E_1,85,P_M
R_5oXdw9iFdQ4ibOk,Neg P M B_1,81,P_M
R_5oXdw9iFdQ4ibOk,Aff M C D_1,72,P_M
R_5oXdw9iFdQ4ibOk,Aff C C E_1,71,P_M
R_5oXdw9iFdQ4ibOk,Neg P 0 D_1,66,P_M
R_5oXdw9iFdQ4ibOk,Neg M M C_1,26,P_M
R_5oXdw9iFdQ4ibOk,Neg M C C_1,24,P_M
R_5oXdw9iFdQ4ibOk,Neg C M E_1,21,P_M
R_5oXdw9iFdQ4ibOk,Aff C P A_1,10,P_M
R_5oXdw9iFdQ4ibOk,Aff C 0 A_1,0,P_M
R_5oXdw9iFdQ4ibOk,Aff M 0 B_1,0,P_M
R_5Ok0sSKMj6nsPfR,Aff M 0 C_1,64,P_M
R_5Ok0sSKMj6nsPfR,Aff M C E_1,60,P_M
R_5Ok0sSKMj6nsPfR,Aff P P C_1,39,P_M
R_5Ok0sSKMj6nsPfR,Neg M C D_1,38,P_M
R_5Ok0sSKMj6nsPfR,Aff P C A_1,35,P_M
R_5Ok0sSKMj6nsPfR,Neg P 0 E_1,35,P_M
R_5Ok0sSKMj6nsPfR,Aff C C A_1,35,P_M
R_5Ok0sSKMj6nsPfR,Aff C P B_1,33,P_M
R_5Ok0sSKMj6nsPfR,Neg P M C_1,31,P_M
R_5Ok0sSKMj6nsPfR,Neg M M D_1,25,P_M
R_5Ok0sSKMj6nsPfR,Aff C 0 B_1,15,P_M
R_5Ok0sSKMj6nsPfR,Neg C M A_1,0,P_M
R_5lYmVxmSI1RIQVz,Aff M C C_1,79,P_M
R_5lYmVxmSI1RIQVz,Neg M C B_1,79,P_M
R_5lYmVxmSI1RIQVz,Aff P C D_1,70,P_M
R_5lYmVxmSI1RIQVz,Aff C 0 E_1,69,P_M
R_5lYmVxmSI1RIQVz,Aff M 0 A_1,68,P_M
R_5lYmVxmSI1RIQVz,Aff P P A_6,65,P_M
R_5lYmVxmSI1RIQVz,Aff C P E_1,22,P_M
R_5lYmVxmSI1RIQVz,Neg M M B_1,20,P_M
R_5lYmVxmSI1RIQVz,Neg C M C_1,14,P_M
R_5lYmVxmSI1RIQVz,Neg P M A_1,11,P_M
R_5lYmVxmSI1RIQVz,Aff C C D_1,8,P_M
R_5lYmVxmSI1RIQVz,Neg P 0 C_1,4,P_M
R_5KVfSIEgJD4YWyd,Aff M M B_1,90,P_M
R_5KVfSIEgJD4YWyd,Neg M P E_1,57,P_M
R_5KVfSIEgJD4YWyd,Neg M 0 D_1,54,P_M
R_5KVfSIEgJD4YWyd,Neg C P C_1,42,P_M
R_5KVfSIEgJD4YWyd,Aff C M A_1,37,P_M
R_5KVfSIEgJD4YWyd,Neg C 0 E_1,18,P_M
R_5KVfSIEgJD4YWyd,Aff M P E_1,7,P_M
R_5KVfSIEgJD4YWyd,Neg P C B_1,5,P_M
R_5KVfSIEgJD4YWyd,Aff P M D_1,1,P_M
R_5KVfSIEgJD4YWyd,Neg C C C_1,0,P_M
R_5KVfSIEgJD4YWyd,Neg P P B_1,0,P_M
R_5KVfSIEgJD4YWyd,Aff P 0 A_1,0,P_M
R_5KehxrA33JqNt7Q,Aff P P D_1,83,P_M
R_5KehxrA33JqNt7Q,Aff C C B_1,83,P_M
R_5KehxrA33JqNt7Q,Aff M C A_1,78,P_M
R_5KehxrA33JqNt7Q,Aff P C B_1,63,P_M
R_5KehxrA33JqNt7Q,Aff M 0 D_1,52,P_M
R_5KehxrA33JqNt7Q,Aff C 0 C_1,35,P_M
R_5KehxrA33JqNt7Q,Aff C P C_1,24,P_M
R_5KehxrA33JqNt7Q,Neg C M B_1,7,P_M
R_5KehxrA33JqNt7Q,Neg P M D_1,0,P_M
R_5KehxrA33JqNt7Q,Neg M M E_1,0,P_M
R_5KehxrA33JqNt7Q,Neg P 0 A_1,0,P_M
R_5KehxrA33JqNt7Q,Neg M C E_1,0,P_M
R_5JFAfTYAg3jQBGH,Aff C C B_1,97,P_M
R_5JFAfTYAg3jQBGH,Aff P C B_1,75,P_M
R_5JFAfTYAg3jQBGH,Aff P P D_1,65,P_M
R_5JFAfTYAg3jQBGH,Aff M C A_1,54,P_M
R_5JFAfTYAg3jQBGH,Neg M C E_1,52,P_M
R_5JFAfTYAg3jQBGH,Aff C P C_1,46,P_M
R_5JFAfTYAg3jQBGH,Neg C M B_1,26,P_M
R_5JFAfTYAg3jQBGH,Neg P M D_1,12,P_M
R_5JFAfTYAg3jQBGH,Neg P 0 A_1,8,P_M
R_5JFAfTYAg3jQBGH,Neg M M E_1,5,P_M
R_5JFAfTYAg3jQBGH,Aff M 0 D_1,0,P_M
R_5JFAfTYAg3jQBGH,Aff C 0 C_1,0,P_M
R_5JF9wltQIwKKuQD,Aff M C C_1,100,P_M
R_5JF9wltQIwKKuQD,Aff P P A_6,97,P_M
R_5JF9wltQIwKKuQD,Neg P 0 C_1,84,P_M
R_5JF9wltQIwKKuQD,Neg C M C_1,46,P_M
R_5JF9wltQIwKKuQD,Aff M 0 A_1,27,P_M
R_5JF9wltQIwKKuQD,Aff P C D_1,22,P_M
R_5JF9wltQIwKKuQD,Neg P M A_1,16,P_M
R_5JF9wltQIwKKuQD,Aff C C D_1,14,P_M
R_5JF9wltQIwKKuQD,Neg M M B_1,13,P_M
R_5JF9wltQIwKKuQD,Neg M C B_1,8,P_M
R_5JF9wltQIwKKuQD,Aff C 0 E_1,6,P_M
R_5JF9wltQIwKKuQD,Aff C P E_1,5,P_M
R_5hXafTMOgqB6xTi,Aff M C A_1,60,P_M
R_5hXafTMOgqB6xTi,Aff P P D_1,35,P_M
R_5hXafTMOgqB6xTi,Aff P C B_1,10,P_M
R_5hXafTMOgqB6xTi,Aff C C B_1,10,P_M
R_5hXafTMOgqB6xTi,Neg M M E_1,0,P_M
R_5hXafTMOgqB6xTi,Neg P 0 A_1,0,P_M
R_5hXafTMOgqB6xTi,Neg P M D_1,0,P_M
R_5hXafTMOgqB6xTi,Neg C M B_1,0,P_M
R_5hXafTMOgqB6xTi,Aff C P C_1,0,P_M
R_5hXafTMOgqB6xTi,Aff C 0 C_1,0,P_M
R_5hXafTMOgqB6xTi,Neg M C E_1,0,P_M
R_5hXafTMOgqB6xTi,Aff M 0 D_1,0,P_M
R_5GPqbnXwy71vw1F,Aff P P E_1,100,P_M
R_5GPqbnXwy71vw1F,Aff M C B_1,100,P_M
R_5GPqbnXwy71vw1F,Aff P C C_1,98,P_M
R_5GPqbnXwy71vw1F,Neg P 0 B_1,94,P_M
R_5GPqbnXwy71vw1F,Aff C C C_1,89,P_M
R_5GPqbnXwy71vw1F,Neg P M E_1,50,P_M
R_5GPqbnXwy71vw1F,Neg M C A_1,7,P_M
R_5GPqbnXwy71vw1F,Aff C P D_1,6,P_M
R_5GPqbnXwy71vw1F,Neg M M A_1,3,P_M
R_5GPqbnXwy71vw1F,Neg C M D_1,1,P_M
R_5GPqbnXwy71vw1F,Aff M 0 E_1,0,P_M
R_5GPqbnXwy71vw1F,Aff C 0 D_1,0,P_M
R_5gpfadqL74DtVVo,Aff C M D_1,100,P_M
R_5gpfadqL74DtVVo,Neg C 0 C_1,100,P_M
R_5gpfadqL74DtVVo,Aff M M E_1,98,P_M
R_5gpfadqL74DtVVo,Neg P P E_1,72,P_M
R_5gpfadqL74DtVVo,Aff P M B_1,67,P_M
R_5gpfadqL74DtVVo,Neg M 0 B_1,66,P_M
R_5gpfadqL74DtVVo,Neg C P A_1,61,P_M
R_5gpfadqL74DtVVo,Neg M P C_1,36,P_M
R_5gpfadqL74DtVVo,Aff P 0 D_1,33,P_M
R_5gpfadqL74DtVVo,Neg P C E_1,30,P_M
R_5gpfadqL74DtVVo,Neg C C A_1,18,P_M
R_5gpfadqL74DtVVo,Aff M P C_1,16,P_M
R_5FziqNvZxAgDVZe,Aff M M D_1,72,P_M
R_5FziqNvZxAgDVZe,Neg M 0 A_1,50,P_M
R_5FziqNvZxAgDVZe,Aff P 0 A_1_1,50,P_M
R_5FziqNvZxAgDVZe,Aff C M C_1,30,P_M
R_5FziqNvZxAgDVZe,Neg M P B_1,10,P_M
R_5FziqNvZxAgDVZe,Neg C C E_1,0,P_M
R_5FziqNvZxAgDVZe,Aff P M A_1,0,P_M
R_5FziqNvZxAgDVZe,Neg C 0 B_1,0,P_M
R_5FziqNvZxAgDVZe,Neg P C D_1,0,P_M
R_5FziqNvZxAgDVZe,Aff M P B_1,0,P_M
R_5FziqNvZxAgDVZe,Neg C P E_1,0,P_M
R_5FziqNvZxAgDVZe,Neg P P D_1,0,P_M
R_5Ftbpd764nMfNNz,Neg P 0 D_1,100,P_M
R_5Ftbpd764nMfNNz,Aff P C E_1,100,P_M
R_5Ftbpd764nMfNNz,Aff M C D_1,98,P_M
R_5Ftbpd764nMfNNz,Aff C C E_1,95,P_M
R_5Ftbpd764nMfNNz,Neg C M E_1,90,P_M
R_5Ftbpd764nMfNNz,Aff P P B_1,77,P_M
R_5Ftbpd764nMfNNz,Neg P M B_1,32,P_M
R_5Ftbpd764nMfNNz,Neg M C C_1,29,P_M
R_5Ftbpd764nMfNNz,Neg M M C_1,0,P_M
R_5Ftbpd764nMfNNz,Aff M 0 B_1,0,P_M
R_5Ftbpd764nMfNNz,Aff C 0 A_1,0,P_M
R_5Ftbpd764nMfNNz,Aff C P A_1,0,P_M
R_5CqOpmhtSVTMLGN,Aff M M A_1,57,P_M
R_5CqOpmhtSVTMLGN,Aff P M C_1,54,P_M
R_5CqOpmhtSVTMLGN,Aff P 0 E_1,41,P_M
R_5CqOpmhtSVTMLGN,Aff M P D_1,35,P_M
R_5CqOpmhtSVTMLGN,Neg P C A_1,30,P_M
R_5CqOpmhtSVTMLGN,Aff C M E_1,23,P_M
R_5CqOpmhtSVTMLGN,Neg M P D_1,21,P_M
R_5CqOpmhtSVTMLGN,Neg P P A_1,19,P_M
R_5CqOpmhtSVTMLGN,Neg C 0 D_1,16,P_M
R_5CqOpmhtSVTMLGN,Neg C C B_1,0,P_M
R_5CqOpmhtSVTMLGN,Neg M 0 C_1,0,P_M
R_5CqOpmhtSVTMLGN,Neg C P B_1,0,P_M
R_5CQDs7NjJ5Gcacu,Aff M P C_1,100,P_M
R_5CQDs7NjJ5Gcacu,Aff M M E_1,100,P_M
R_5CQDs7NjJ5Gcacu,Neg P P E_1,100,P_M
R_5CQDs7NjJ5Gcacu,Neg M 0 B_1,100,P_M
R_5CQDs7NjJ5Gcacu,Neg C P A_1,100,P_M
R_5CQDs7NjJ5Gcacu,Aff P 0 D_1,100,P_M
R_5CQDs7NjJ5Gcacu,Aff C M D_1,100,P_M
R_5CQDs7NjJ5Gcacu,Neg M P C_1,99,P_M
R_5CQDs7NjJ5Gcacu,Neg C 0 C_1,99,P_M
R_5CQDs7NjJ5Gcacu,Aff P M B_1,98,P_M
R_5CQDs7NjJ5Gcacu,Neg P C E_1,97,P_M
R_5CQDs7NjJ5Gcacu,Neg C C A_1,91,P_M
R_5cJ4GxhWiOsmFDH,Aff C C A_1,100,P_M
R_5cJ4GxhWiOsmFDH,Aff M C E_1,100,P_M
R_5cJ4GxhWiOsmFDH,Aff P C A_1,86,P_M
R_5cJ4GxhWiOsmFDH,Neg P 0 E_1,85,P_M
R_5cJ4GxhWiOsmFDH,Aff P P C_1,77,P_M
R_5cJ4GxhWiOsmFDH,Neg P M C_1,73,P_M
R_5cJ4GxhWiOsmFDH,Aff C P B_1,70,P_M
R_5cJ4GxhWiOsmFDH,Neg M C D_1,64,P_M
R_5cJ4GxhWiOsmFDH,Neg C M A_1,25,P_M
R_5cJ4GxhWiOsmFDH,Neg M M D_1,21,P_M
R_5cJ4GxhWiOsmFDH,Aff C 0 B_1,0,P_M
R_5cJ4GxhWiOsmFDH,Aff M 0 C_1,0,P_M
R_5BxTltBANF8dQ2d,Aff M M B_1,100,P_M
R_5BxTltBANF8dQ2d,Neg P P B_1,96,P_M
R_5BxTltBANF8dQ2d,Neg C P C_1,84,P_M
R_5BxTltBANF8dQ2d,Neg M 0 D_1,74,P_M
R_5BxTltBANF8dQ2d,Neg C 0 E_1,69,P_M
R_5BxTltBANF8dQ2d,Neg M P E_1,50,P_M
R_5BxTltBANF8dQ2d,Aff C M A_1,24,P_M
R_5BxTltBANF8dQ2d,Aff P M D_1,14,P_M
R_5BxTltBANF8dQ2d,Aff P 0 A_1,14,P_M
R_5BxTltBANF8dQ2d,Neg C C C_1,0,P_M
R_5BxTltBANF8dQ2d,Aff M P E_1,0,P_M
R_5BxTltBANF8dQ2d,Neg P C B_1,0,P_M
R_5b1dvfWBRBrTqKR,Aff C C A_1,100,P_M
R_5b1dvfWBRBrTqKR,Aff P C A_1,90,P_M
R_5b1dvfWBRBrTqKR,Neg C M A_1,88,P_M
R_5b1dvfWBRBrTqKR,Aff P P C_1,44,P_M
R_5b1dvfWBRBrTqKR,Neg M M D_1,24,P_M
R_5b1dvfWBRBrTqKR,Neg P M C_1,19,P_M
R_5b1dvfWBRBrTqKR,Aff M C E_1,17,P_M
R_5b1dvfWBRBrTqKR,Neg M C D_1,16,P_M
R_5b1dvfWBRBrTqKR,Aff C P B_1,12,P_M
R_5b1dvfWBRBrTqKR,Aff C 0 B_1,10,P_M
R_5b1dvfWBRBrTqKR,Aff M 0 C_1,0,P_M
R_5b1dvfWBRBrTqKR,Neg P 0 E_1,0,P_M
R_57xINflRC02w5P8,Aff M M E_1,90,P_M
R_57xINflRC02w5P8,Neg M P C_1,56,P_M
R_57xINflRC02w5P8,Neg M 0 B_1,55,P_M
R_57xINflRC02w5P8,Aff M P C_1,54,P_M
R_57xINflRC02w5P8,Neg C 0 C_1,32,P_M
R_57xINflRC02w5P8,Aff C M D_1,25,P_M
R_57xINflRC02w5P8,Aff P M B_1,19,P_M
R_57xINflRC02w5P8,Neg P C E_1,14,P_M
R_57xINflRC02w5P8,Neg C P A_1,13,P_M
R_57xINflRC02w5P8,Aff P 0 D_1,8,P_M
R_57xINflRC02w5P8,Neg C C A_1,3,P_M
R_57xINflRC02w5P8,Neg P P E_1,0,P_M
R_57rtWvaw081Msx4,Neg C 0 A_1,95,P_M
R_57rtWvaw081Msx4,Aff P 0 B_1,91,P_M
R_57rtWvaw081Msx4,Aff M M C_1,85,P_M
R_57rtWvaw081Msx4,Neg M 0 E_1,85,P_M
R_57rtWvaw081Msx4,Aff C M B_1,74,P_M
R_57rtWvaw081Msx4,Neg M P A_1,73,P_M
R_57rtWvaw081Msx4,Neg P P C_1,50,P_M
R_57rtWvaw081Msx4,Neg P C C_1,47,P_M
R_57rtWvaw081Msx4,Neg C P D_1,44,P_M
R_57rtWvaw081Msx4,Aff M P A_1,44,P_M
R_57rtWvaw081Msx4,Aff P M E_1,41,P_M
R_57rtWvaw081Msx4,Neg C C D_1,25,P_M
R_56F3t6BEI6FGQSJ,Aff M M E_1,99,P_M
R_56F3t6BEI6FGQSJ,Neg P C E_1,61,P_M
R_56F3t6BEI6FGQSJ,Aff P M B_1,56,P_M
R_56F3t6BEI6FGQSJ,Neg P P E_1,44,P_M
R_56F3t6BEI6FGQSJ,Neg M 0 B_1,23,P_M
R_56F3t6BEI6FGQSJ,Neg C P A_1,22,P_M
R_56F3t6BEI6FGQSJ,Aff P 0 D_1,21,P_M
R_56F3t6BEI6FGQSJ,Neg C C A_1,13,P_M
R_56F3t6BEI6FGQSJ,Neg M P C_1,12,P_M
R_56F3t6BEI6FGQSJ,Neg C 0 C_1,10,P_M
R_56F3t6BEI6FGQSJ,Aff M P C_1,1,P_M
R_56F3t6BEI6FGQSJ,Aff C M D_1,0,P_M
R_55tIXKdST3dF6PT,Aff M M E_1,98,P_M
R_55tIXKdST3dF6PT,Neg C P A_1,93,P_M
R_55tIXKdST3dF6PT,Aff C M D_1,77,P_M
R_55tIXKdST3dF6PT,Neg M 0 B_1,63,P_M
R_55tIXKdST3dF6PT,Neg C 0 C_1,50,P_M
R_55tIXKdST3dF6PT,Aff P 0 D_1,50,P_M
R_55tIXKdST3dF6PT,Aff M P C_1,33,P_M
R_55tIXKdST3dF6PT,Neg M P C_1,28,P_M
R_55tIXKdST3dF6PT,Neg P C E_1,20,P_M
R_55tIXKdST3dF6PT,Neg P P E_1,12,P_M
R_55tIXKdST3dF6PT,Neg C C A_1,12,P_M
R_55tIXKdST3dF6PT,Aff P M B_1,0,P_M
R_55GfGQA10UMwSdj,Neg P P D_1,100,P_M
R_55GfGQA10UMwSdj,Neg M 0 A_1,100,P_M
R_55GfGQA10UMwSdj,Neg M P B_1,94,P_M
R_55GfGQA10UMwSdj,Aff M M D_1,90,P_M
R_55GfGQA10UMwSdj,Neg P C D_1,85,P_M
R_55GfGQA10UMwSdj,Neg C 0 B_1,81,P_M
R_55GfGQA10UMwSdj,Aff P 0 A_1_1,80,P_M
R_55GfGQA10UMwSdj,Aff P M A_1,75,P_M
R_55GfGQA10UMwSdj,Aff C M C_1,36,P_M
R_55GfGQA10UMwSdj,Neg C C E_1,0,P_M
R_55GfGQA10UMwSdj,Aff M P B_1,0,P_M
R_55GfGQA10UMwSdj,Neg C P E_1,0,P_M
R_54Iwuy7nkjpaomn,Aff M M E_1,91,P_M
R_54Iwuy7nkjpaomn,Aff C M D_1,87,P_M
R_54Iwuy7nkjpaomn,Aff P 0 D_1,68,P_M
R_54Iwuy7nkjpaomn,Aff M P C_1,55,P_M
R_54Iwuy7nkjpaomn,Neg M P C_1,54,P_M
R_54Iwuy7nkjpaomn,Neg M 0 B_1,53,P_M
R_54Iwuy7nkjpaomn,Neg C P A_1,52,P_M
R_54Iwuy7nkjpaomn,Neg P C E_1,45,P_M
R_54Iwuy7nkjpaomn,Neg C 0 C_1,41,P_M
R_54Iwuy7nkjpaomn,Aff P M B_1,31,P_M
R_54Iwuy7nkjpaomn,Neg C C A_1,19,P_M
R_54Iwuy7nkjpaomn,Neg P P E_1,7,P_M
R_52m9hfhf9VMjIaV,Aff M C D_1,85,P_M
R_52m9hfhf9VMjIaV,Aff P C E_1,80,P_M
R_52m9hfhf9VMjIaV,Aff P P B_1,80,P_M
R_52m9hfhf9VMjIaV,Neg P M B_1,75,P_M
R_52m9hfhf9VMjIaV,Neg C M E_1,70,P_M
R_52m9hfhf9VMjIaV,Aff C C E_1,60,P_M
R_52m9hfhf9VMjIaV,Aff C P A_1,10,P_M
R_52m9hfhf9VMjIaV,Neg M M C_1,0,P_M
R_52m9hfhf9VMjIaV,Neg M C C_1,0,P_M
R_52m9hfhf9VMjIaV,Aff M 0 B_1,0,P_M
R_52m9hfhf9VMjIaV,Neg P 0 D_1,0,P_M
R_52m9hfhf9VMjIaV,Aff C 0 A_1,0,P_M
R_50dgPiJ1xY5y6X7,Aff M M A_1,84,P_M
R_50dgPiJ1xY5y6X7,Neg P C A_1,64,P_M
R_50dgPiJ1xY5y6X7,Aff P M C_1,43,P_M
R_50dgPiJ1xY5y6X7,Neg M P D_1,32,P_M
R_50dgPiJ1xY5y6X7,Neg C C B_1,20,P_M
R_50dgPiJ1xY5y6X7,Neg M 0 C_1,17,P_M
R_50dgPiJ1xY5y6X7,Neg P P A_1,16,P_M
R_50dgPiJ1xY5y6X7,Aff M P D_1,5,P_M
R_50dgPiJ1xY5y6X7,Aff C M E_1,5,P_M
R_50dgPiJ1xY5y6X7,Neg C P B_1,0,P_M
R_50dgPiJ1xY5y6X7,Aff P 0 E_1,0,P_M
R_50dgPiJ1xY5y6X7,Neg C 0 D_1,0,P_M
R_3Y9fzgtlOS333O6,Aff M M A_1,100,P_M
R_3Y9fzgtlOS333O6,Aff C M E_1,100,P_M
R_3Y9fzgtlOS333O6,Neg C 0 D_1,100,P_M
R_3Y9fzgtlOS333O6,Neg M P D_1,100,P_M
R_3Y9fzgtlOS333O6,Neg M 0 C_1,100,P_M
R_3Y9fzgtlOS333O6,Neg P P A_1,0,P_M
R_3Y9fzgtlOS333O6,Neg P C A_1,0,P_M
R_3Y9fzgtlOS333O6,Aff P M C_1,0,P_M
R_3Y9fzgtlOS333O6,Neg C C B_1,0,P_M
R_3Y9fzgtlOS333O6,Aff P 0 E_1,0,P_M
R_3Y9fzgtlOS333O6,Neg C P B_1,0,P_M
R_3Y9fzgtlOS333O6,Aff M P D_1,0,P_M
R_3WSbzSa1tZrhAFa,Aff C C E_1,100,P_M
R_3WSbzSa1tZrhAFa,Aff P P B_1,100,P_M
R_3WSbzSa1tZrhAFa,Neg P 0 D_1,100,P_M
R_3WSbzSa1tZrhAFa,Aff P C E_1,100,P_M
R_3WSbzSa1tZrhAFa,Aff M C D_1,100,P_M
R_3WSbzSa1tZrhAFa,Neg C M E_1,0,P_M
R_3WSbzSa1tZrhAFa,Aff M 0 B_1,0,P_M
R_3WSbzSa1tZrhAFa,Aff C 0 A_1,0,P_M
R_3WSbzSa1tZrhAFa,Neg P M B_1,0,P_M
R_3WSbzSa1tZrhAFa,Neg M C C_1,0,P_M
R_3WSbzSa1tZrhAFa,Aff C P A_1,0,P_M
R_3WSbzSa1tZrhAFa,Neg M M C_1,0,P_M
R_3VmfiW5L19aWYpz,Aff M C A_1,69,P_M
R_3VmfiW5L19aWYpz,Neg M C E_1,59,P_M
R_3VmfiW5L19aWYpz,Aff P C B_1,50,P_M
R_3VmfiW5L19aWYpz,Aff C C B_1,36,P_M
R_3VmfiW5L19aWYpz,Neg P 0 A_1,35,P_M
R_3VmfiW5L19aWYpz,Neg P M D_1,35,P_M
R_3VmfiW5L19aWYpz,Neg M M E_1,34,P_M
R_3VmfiW5L19aWYpz,Aff P P D_1,34,P_M
R_3VmfiW5L19aWYpz,Aff M 0 D_1,23,P_M
R_3VmfiW5L19aWYpz,Neg C M B_1,8,P_M
R_3VmfiW5L19aWYpz,Aff C P C_1,2,P_M
R_3VmfiW5L19aWYpz,Aff C 0 C_1,0,P_M
R_3uNyvmW3tdLSwrD,Aff P 0 B_1,98,P_M
R_3uNyvmW3tdLSwrD,Aff M P A_1,98,P_M
R_3uNyvmW3tdLSwrD,Aff P M E_1,85,P_M
R_3uNyvmW3tdLSwrD,Aff M M C_1,80,P_M
R_3uNyvmW3tdLSwrD,Aff C M B_1,71,P_M
R_3uNyvmW3tdLSwrD,Neg P C C_1,50,P_M
R_3uNyvmW3tdLSwrD,Neg P P C_1,50,P_M
R_3uNyvmW3tdLSwrD,Neg M 0 E_1,47,P_M
R_3uNyvmW3tdLSwrD,Neg C 0 A_1,33,P_M
R_3uNyvmW3tdLSwrD,Neg M P A_1,33,P_M
R_3uNyvmW3tdLSwrD,Neg C C D_1,29,P_M
R_3uNyvmW3tdLSwrD,Neg C P D_1,26,P_M
R_3sThvPSDN6PfDxI,Neg M C C_1,29,P_M
R_3sThvPSDN6PfDxI,Aff C C E_1,22,P_M
R_3sThvPSDN6PfDxI,Neg P M B_1,14,P_M
R_3sThvPSDN6PfDxI,Aff M C D_1,9,P_M
R_3sThvPSDN6PfDxI,Neg M M C_1,9,P_M
R_3sThvPSDN6PfDxI,Aff P C E_1,8,P_M
R_3sThvPSDN6PfDxI,Neg P 0 D_1,0,P_M
R_3sThvPSDN6PfDxI,Aff C 0 A_1,0,P_M
R_3sThvPSDN6PfDxI,Aff C P A_1,0,P_M
R_3sThvPSDN6PfDxI,Aff P P B_1,0,P_M
R_3sThvPSDN6PfDxI,Neg C M E_1,0,P_M
R_3sThvPSDN6PfDxI,Aff M 0 B_1,0,P_M
R_3rQSwfSFxrDXei5,Aff P P B_1,95,P_M
R_3rQSwfSFxrDXei5,Aff C C E_1,81,P_M
R_3rQSwfSFxrDXei5,Neg P 0 D_1,80,P_M
R_3rQSwfSFxrDXei5,Aff M C D_1,78,P_M
R_3rQSwfSFxrDXei5,Neg P M B_1,67,P_M
R_3rQSwfSFxrDXei5,Aff P C E_1,61,P_M
R_3rQSwfSFxrDXei5,Neg M C C_1,25,P_M
R_3rQSwfSFxrDXei5,Aff C P A_1,21,P_M
R_3rQSwfSFxrDXei5,Neg M M C_1,18,P_M
R_3rQSwfSFxrDXei5,Neg C M E_1,17,P_M
R_3rQSwfSFxrDXei5,Aff M 0 B_1,4,P_M
R_3rQSwfSFxrDXei5,Aff C 0 A_1,2,P_M
R_3RgrWbuTZ6VNnps,Aff M M D_1,97,P_M
R_3RgrWbuTZ6VNnps,Aff M P B_1,94,P_M
R_3RgrWbuTZ6VNnps,Aff P M A_1,69,P_M
R_3RgrWbuTZ6VNnps,Aff C M C_1,65,P_M
R_3RgrWbuTZ6VNnps,Aff P 0 A_1_1,58,P_M
R_3RgrWbuTZ6VNnps,Neg M 0 A_1,24,P_M
R_3RgrWbuTZ6VNnps,Neg P C D_1,22,P_M
R_3RgrWbuTZ6VNnps,Neg C 0 B_1,18,P_M
R_3RgrWbuTZ6VNnps,Neg C P E_1,13,P_M
R_3RgrWbuTZ6VNnps,Neg M P B_1,10,P_M
R_3RgrWbuTZ6VNnps,Neg C C E_1,9,P_M
R_3RgrWbuTZ6VNnps,Neg P P D_1,8,P_M
R_3R31tImYNmSrrBA,Neg P 0 D_1,100,P_M
R_3R31tImYNmSrrBA,Aff P C E_1,100,P_M
R_3R31tImYNmSrrBA,Aff C C E_1,100,P_M
R_3R31tImYNmSrrBA,Neg P M B_1,100,P_M
R_3R31tImYNmSrrBA,Neg C M E_1,100,P_M
R_3R31tImYNmSrrBA,Aff P P B_1,100,P_M
R_3R31tImYNmSrrBA,Aff M C D_1,100,P_M
R_3R31tImYNmSrrBA,Aff C 0 A_1,0,P_M
R_3R31tImYNmSrrBA,Aff M 0 B_1,0,P_M
R_3R31tImYNmSrrBA,Neg M C C_1,0,P_M
R_3R31tImYNmSrrBA,Neg M M C_1,0,P_M
R_3R31tImYNmSrrBA,Aff C P A_1,0,P_M
R_3R24uekoudDizW5,Aff C C E_1,100,P_M
R_3R24uekoudDizW5,Aff P P B_1,100,P_M
R_3R24uekoudDizW5,Aff M C D_1,100,P_M
R_3R24uekoudDizW5,Aff P C E_1,100,P_M
R_3R24uekoudDizW5,Aff M 0 B_1,0,P_M
R_3R24uekoudDizW5,Neg C M E_1,0,P_M
R_3R24uekoudDizW5,Neg P M B_1,0,P_M
R_3R24uekoudDizW5,Neg M C C_1,0,P_M
R_3R24uekoudDizW5,Neg P 0 D_1,0,P_M
R_3R24uekoudDizW5,Aff C 0 A_1,0,P_M
R_3R24uekoudDizW5,Neg M M C_1,0,P_M
R_3R24uekoudDizW5,Aff C P A_1,0,P_M
R_3QzBIeUQMHZDBlo,Aff M C B_1,91,P_M
R_3QzBIeUQMHZDBlo,Aff C C C_1,91,P_M
R_3QzBIeUQMHZDBlo,Aff P P E_1,89,P_M
R_3QzBIeUQMHZDBlo,Aff P C C_1,73,P_M
R_3QzBIeUQMHZDBlo,Aff C P D_1,60,P_M
R_3QzBIeUQMHZDBlo,Neg M M A_1,42,P_M
R_3QzBIeUQMHZDBlo,Aff M 0 E_1,42,P_M
R_3QzBIeUQMHZDBlo,Neg P M E_1,40,P_M
R_3QzBIeUQMHZDBlo,Neg M C A_1,38,P_M
R_3QzBIeUQMHZDBlo,Neg P 0 B_1,22,P_M
R_3QzBIeUQMHZDBlo,Neg C M D_1,20,P_M
R_3QzBIeUQMHZDBlo,Aff C 0 D_1,20,P_M
R_3pvESbgQVJcI425,Aff P P C_1,100,P_M
R_3pvESbgQVJcI425,Aff M C E_1,100,P_M
R_3pvESbgQVJcI425,Aff P C A_1,100,P_M
R_3pvESbgQVJcI425,Aff C C A_1,20,P_M
R_3pvESbgQVJcI425,Neg P M C_1,20,P_M
R_3pvESbgQVJcI425,Aff C 0 B_1,0,P_M
R_3pvESbgQVJcI425,Aff M 0 C_1,0,P_M
R_3pvESbgQVJcI425,Neg M M D_1,0,P_M
R_3pvESbgQVJcI425,Neg P 0 E_1,0,P_M
R_3pvESbgQVJcI425,Neg C M A_1,0,P_M
R_3pvESbgQVJcI425,Aff C P B_1,0,P_M
R_3pvESbgQVJcI425,Neg M C D_1,0,P_M
R_3oo36iPEezepsZz,Aff M M E_1,100,P_M
R_3oo36iPEezepsZz,Aff M P C_1,100,P_M
R_3oo36iPEezepsZz,Aff P M B_1,89,P_M
R_3oo36iPEezepsZz,Neg C P A_1,86,P_M
R_3oo36iPEezepsZz,Neg M P C_1,76,P_M
R_3oo36iPEezepsZz,Neg C 0 C_1,50,P_M
R_3oo36iPEezepsZz,Neg M 0 B_1,49,P_M
R_3oo36iPEezepsZz,Aff P 0 D_1,48,P_M
R_3oo36iPEezepsZz,Neg P C E_1,33,P_M
R_3oo36iPEezepsZz,Aff C M D_1,24,P_M
R_3oo36iPEezepsZz,Neg P P E_1,6,P_M
R_3oo36iPEezepsZz,Neg C C A_1,0,P_M
R_3lstYtaZJw7Z9FQ,Aff M M E_1,92,P_M
R_3lstYtaZJw7Z9FQ,Neg M P C_1,83,P_M
R_3lstYtaZJw7Z9FQ,Aff P 0 D_1,78,P_M
R_3lstYtaZJw7Z9FQ,Neg M 0 B_1,77,P_M
R_3lstYtaZJw7Z9FQ,Aff M P C_1,76,P_M
R_3lstYtaZJw7Z9FQ,Aff P M B_1,72,P_M
R_3lstYtaZJw7Z9FQ,Aff C M D_1,25,P_M
R_3lstYtaZJw7Z9FQ,Neg P C E_1,10,P_M
R_3lstYtaZJw7Z9FQ,Neg C P A_1,9,P_M
R_3lstYtaZJw7Z9FQ,Neg C 0 C_1,8,P_M
R_3lstYtaZJw7Z9FQ,Neg C C A_1,2,P_M
R_3lstYtaZJw7Z9FQ,Neg P P E_1,0,P_M
R_3lrBO8DQ2mbcjhs,Aff P P D_1,100,P_M
R_3lrBO8DQ2mbcjhs,Aff M C A_1,94,P_M
R_3lrBO8DQ2mbcjhs,Neg P M D_1,84,P_M
R_3lrBO8DQ2mbcjhs,Aff P C B_1,67,P_M
R_3lrBO8DQ2mbcjhs,Aff C C B_1,38,P_M
R_3lrBO8DQ2mbcjhs,Aff C P C_1,35,P_M
R_3lrBO8DQ2mbcjhs,Neg P 0 A_1,25,P_M
R_3lrBO8DQ2mbcjhs,Neg C M B_1,24,P_M
R_3lrBO8DQ2mbcjhs,Aff C 0 C_1,0,P_M
R_3lrBO8DQ2mbcjhs,Neg M C E_1,0,P_M
R_3lrBO8DQ2mbcjhs,Aff M 0 D_1,0,P_M
R_3lrBO8DQ2mbcjhs,Neg M M E_1,0,P_M
R_3LkhU1NCQrePH36,Aff M C C_1,100,P_M
R_3LkhU1NCQrePH36,Aff P C D_1,100,P_M
R_3LkhU1NCQrePH36,Aff P P A_6,100,P_M
R_3LkhU1NCQrePH36,Neg P 0 C_1,100,P_M
R_3LkhU1NCQrePH36,Aff C C D_1,94,P_M
R_3LkhU1NCQrePH36,Neg C M C_1,18,P_M
R_3LkhU1NCQrePH36,Aff C P E_1,15,P_M
R_3LkhU1NCQrePH36,Aff M 0 A_1,2,P_M
R_3LkhU1NCQrePH36,Neg M M B_1,0,P_M
R_3LkhU1NCQrePH36,Aff C 0 E_1,0,P_M
R_3LkhU1NCQrePH36,Neg P M A_1,0,P_M
R_3LkhU1NCQrePH36,Neg M C B_1,0,P_M
R_3lEs9UZurqmRAfb,Aff C M E_1,91,P_M
R_3lEs9UZurqmRAfb,Aff M M A_1,88,P_M
R_3lEs9UZurqmRAfb,Neg P C A_1,73,P_M
R_3lEs9UZurqmRAfb,Neg M 0 C_1,60,P_M
R_3lEs9UZurqmRAfb,Neg M P D_1,60,P_M
R_3lEs9UZurqmRAfb,Neg C 0 D_1,50,P_M
R_3lEs9UZurqmRAfb,Aff P M C_1,45,P_M
R_3lEs9UZurqmRAfb,Neg P P A_1,33,P_M
R_3lEs9UZurqmRAfb,Aff M P D_1,26,P_M
R_3lEs9UZurqmRAfb,Neg C P B_1,22,P_M
R_3lEs9UZurqmRAfb,Neg C C B_1,6,P_M
R_3lEs9UZurqmRAfb,Aff P 0 E_1,3,P_M
R_3KUn7r5mtJ089xf,Aff M C B_1,100,P_M
R_3KUn7r5mtJ089xf,Aff P C C_1,100,P_M
R_3KUn7r5mtJ089xf,Aff C C C_1,100,P_M
R_3KUn7r5mtJ089xf,Aff P P E_1,100,P_M
R_3KUn7r5mtJ089xf,Aff C P D_1,0,P_M
R_3KUn7r5mtJ089xf,Neg M C A_1,0,P_M
R_3KUn7r5mtJ089xf,Neg P 0 B_1,0,P_M
R_3KUn7r5mtJ089xf,Neg P M E_1,0,P_M
R_3KUn7r5mtJ089xf,Neg M M A_1,0,P_M
R_3KUn7r5mtJ089xf,Aff C 0 D_1,0,P_M
R_3KUn7r5mtJ089xf,Aff M 0 E_1,0,P_M
R_3KUn7r5mtJ089xf,Neg C M D_1,0,P_M
R_3JBqRLyB8woUHf3,Aff M M B_1,91,P_M
R_3JBqRLyB8woUHf3,Aff M P E_1,59,P_M
R_3JBqRLyB8woUHf3,Neg M 0 D_1,37,P_M
R_3JBqRLyB8woUHf3,Aff C M A_1,25,P_M
R_3JBqRLyB8woUHf3,Aff P M D_1,25,P_M
R_3JBqRLyB8woUHf3,Aff P 0 A_1,22,P_M
R_3JBqRLyB8woUHf3,Neg M P E_1,22,P_M
R_3JBqRLyB8woUHf3,Neg P P B_1,17,P_M
R_3JBqRLyB8woUHf3,Neg P C B_1,14,P_M
R_3JBqRLyB8woUHf3,Neg C 0 E_1,3,P_M
R_3JBqRLyB8woUHf3,Neg C P C_1,1,P_M
R_3JBqRLyB8woUHf3,Neg C C C_1,1,P_M
R_3IEl4NlhZ38mjZH,Neg C P E_1,96,P_M
R_3IEl4NlhZ38mjZH,Neg M 0 A_1,95,P_M
R_3IEl4NlhZ38mjZH,Aff P M A_1,95,P_M
R_3IEl4NlhZ38mjZH,Neg M P B_1,95,P_M
R_3IEl4NlhZ38mjZH,Neg C 0 B_1,90,P_M
R_3IEl4NlhZ38mjZH,Aff M M D_1,90,P_M
R_3IEl4NlhZ38mjZH,Aff C M C_1,15,P_M
R_3IEl4NlhZ38mjZH,Aff P 0 A_1_1,10,P_M
R_3IEl4NlhZ38mjZH,Aff M P B_1,5,P_M
R_3IEl4NlhZ38mjZH,Neg P C D_1,5,P_M
R_3IEl4NlhZ38mjZH,Neg P P D_1,5,P_M
R_3IEl4NlhZ38mjZH,Neg C C E_1,5,P_M
R_3ieacPq678VCiEI,Aff P C A_1,99,P_M
R_3ieacPq678VCiEI,Aff P P C_1,86,P_M
R_3ieacPq678VCiEI,Aff M C E_1,81,P_M
R_3ieacPq678VCiEI,Aff M 0 C_1,77,P_M
R_3ieacPq678VCiEI,Aff C C A_1,60,P_M
R_3ieacPq678VCiEI,Neg C M A_1,40,P_M
R_3ieacPq678VCiEI,Aff C P B_1,39,P_M
R_3ieacPq678VCiEI,Neg M M D_1,38,P_M
R_3ieacPq678VCiEI,Neg P M C_1,37,P_M
R_3ieacPq678VCiEI,Aff C 0 B_1,36,P_M
R_3ieacPq678VCiEI,Neg P 0 E_1,36,P_M
R_3ieacPq678VCiEI,Neg M C D_1,28,P_M
R_3gO4lhPYHb3WVk2,Aff M M C_1,100,P_M
R_3gO4lhPYHb3WVk2,Aff M P A_1,96,P_M
R_3gO4lhPYHb3WVk2,Aff C M B_1,75,P_M
R_3gO4lhPYHb3WVk2,Neg M 0 E_1,73,P_M
R_3gO4lhPYHb3WVk2,Aff P 0 B_1,64,P_M
R_3gO4lhPYHb3WVk2,Neg P P C_1,63,P_M
R_3gO4lhPYHb3WVk2,Aff P M E_1,62,P_M
R_3gO4lhPYHb3WVk2,Neg M P A_1,60,P_M
R_3gO4lhPYHb3WVk2,Neg P C C_1,35,P_M
R_3gO4lhPYHb3WVk2,Neg C P D_1,16,P_M
R_3gO4lhPYHb3WVk2,Neg C C D_1,0,P_M
R_3gO4lhPYHb3WVk2,Neg C 0 A_1,0,P_M
R_3GK7FJMlevhx7N9,Neg P M C_1,100,P_M
R_3GK7FJMlevhx7N9,Aff P P C_1,100,P_M
R_3GK7FJMlevhx7N9,Aff C C A_1,100,P_M
R_3GK7FJMlevhx7N9,Aff M C E_1,100,P_M
R_3GK7FJMlevhx7N9,Aff P C A_1,100,P_M
R_3GK7FJMlevhx7N9,Neg C M A_1,0,P_M
R_3GK7FJMlevhx7N9,Aff C P B_1,0,P_M
R_3GK7FJMlevhx7N9,Neg M C D_1,0,P_M
R_3GK7FJMlevhx7N9,Neg P 0 E_1,0,P_M
R_3GK7FJMlevhx7N9,Neg M M D_1,0,P_M
R_3GK7FJMlevhx7N9,Aff M 0 C_1,0,P_M
R_3GK7FJMlevhx7N9,Aff C 0 B_1,0,P_M
R_3d3HYxD2V3TsTon,Aff M P D_1,9,P_M
R_3d3HYxD2V3TsTon,Neg M 0 C_1,9,P_M
R_3d3HYxD2V3TsTon,Aff C M E_1,7,P_M
R_3d3HYxD2V3TsTon,Aff P M C_1,7,P_M
R_3d3HYxD2V3TsTon,Aff M M A_1,7,P_M
R_3d3HYxD2V3TsTon,Aff P 0 E_1,6,P_M
R_3d3HYxD2V3TsTon,Neg P P A_1,5,P_M
R_3d3HYxD2V3TsTon,Neg C 0 D_1,5,P_M
R_3d3HYxD2V3TsTon,Neg M P D_1,4,P_M
R_3d3HYxD2V3TsTon,Neg P C A_1,4,P_M
R_3d3HYxD2V3TsTon,Neg C C B_1,2,P_M
R_3d3HYxD2V3TsTon,Neg C P B_1,0,P_M
R_3B9brBCYklascO9,Aff M M D_1,92,P_M
R_3B9brBCYklascO9,Neg M 0 A_1,90,P_M
R_3B9brBCYklascO9,Neg M P B_1,90,P_M
R_3B9brBCYklascO9,Neg C 0 B_1,79,P_M
R_3B9brBCYklascO9,Aff C M C_1,70,P_M
R_3B9brBCYklascO9,Aff P M A_1,37,P_M
R_3B9brBCYklascO9,Neg P C D_1,17,P_M
R_3B9brBCYklascO9,Neg C C E_1,11,P_M
R_3B9brBCYklascO9,Aff M P B_1,10,P_M
R_3B9brBCYklascO9,Neg P P D_1,1,P_M
R_3B9brBCYklascO9,Aff P 0 A_1_1,1,P_M
R_3B9brBCYklascO9,Neg C P E_1,0,P_M
R_31yYvWy7rZcKlHH,Neg M P A_1,100,P_M
R_31yYvWy7rZcKlHH,Aff C M B_1,94,P_M
R_31yYvWy7rZcKlHH,Neg C P D_1,94,P_M
R_31yYvWy7rZcKlHH,Aff P 0 B_1,84,P_M
R_31yYvWy7rZcKlHH,Neg C 0 A_1,53,P_M
R_31yYvWy7rZcKlHH,Neg M 0 E_1,50,P_M
R_31yYvWy7rZcKlHH,Aff M M C_1,31,P_M
R_31yYvWy7rZcKlHH,Neg P P C_1,6,P_M
R_31yYvWy7rZcKlHH,Aff P M E_1,4,P_M
R_31yYvWy7rZcKlHH,Neg C C D_1,4,P_M
R_31yYvWy7rZcKlHH,Neg P C C_1,0,P_M
R_31yYvWy7rZcKlHH,Aff M P A_1,0,P_M
R_1xqAexVhnxZds6B,Neg M C C_1,100,P_M
R_1xqAexVhnxZds6B,Aff P P B_1,100,P_M
R_1xqAexVhnxZds6B,Aff C C E_1,100,P_M
R_1xqAexVhnxZds6B,Neg C M E_1,100,P_M
R_1xqAexVhnxZds6B,Neg P 0 D_1,100,P_M
R_1xqAexVhnxZds6B,Aff P C E_1,100,P_M
R_1xqAexVhnxZds6B,Aff M C D_1,100,P_M
R_1xqAexVhnxZds6B,Neg P M B_1,100,P_M
R_1xqAexVhnxZds6B,Aff C 0 A_1,0,P_M
R_1xqAexVhnxZds6B,Aff M 0 B_1,0,P_M
R_1xqAexVhnxZds6B,Neg M M C_1,0,P_M
R_1xqAexVhnxZds6B,Aff C P A_1,0,P_M
R_1xiDDsalQ2lCJqN,Neg M 0 E_1,100,P_M
R_1xiDDsalQ2lCJqN,Aff P M E_1,100,P_M
R_1xiDDsalQ2lCJqN,Neg C 0 A_1,100,P_M
R_1xiDDsalQ2lCJqN,Neg C P D_1,99,P_M
R_1xiDDsalQ2lCJqN,Neg C C D_1,95,P_M
R_1xiDDsalQ2lCJqN,Aff M M C_1,80,P_M
R_1xiDDsalQ2lCJqN,Aff C M B_1,21,P_M
R_1xiDDsalQ2lCJqN,Neg M P A_1,5,P_M
R_1xiDDsalQ2lCJqN,Neg P C C_1,3,P_M
R_1xiDDsalQ2lCJqN,Aff M P A_1,0,P_M
R_1xiDDsalQ2lCJqN,Neg P P C_1,0,P_M
R_1xiDDsalQ2lCJqN,Aff P 0 B_1,0,P_M
R_1WVjLsWlTDqoGNH,Neg M 0 A_1,100,P_M
R_1WVjLsWlTDqoGNH,Neg M P B_1,100,P_M
R_1WVjLsWlTDqoGNH,Neg C P E_1,94,P_M
R_1WVjLsWlTDqoGNH,Aff M M D_1,94,P_M
R_1WVjLsWlTDqoGNH,Neg P P D_1,93,P_M
R_1WVjLsWlTDqoGNH,Aff C M C_1,87,P_M
R_1WVjLsWlTDqoGNH,Aff P 0 A_1_1,32,P_M
R_1WVjLsWlTDqoGNH,Neg C C E_1,13,P_M
R_1WVjLsWlTDqoGNH,Aff M P B_1,11,P_M
R_1WVjLsWlTDqoGNH,Aff P M A_1,0,P_M
R_1WVjLsWlTDqoGNH,Neg P C D_1,0,P_M
R_1WVjLsWlTDqoGNH,Neg C 0 B_1,0,P_M
R_1Vjyy6ifN7gKoJP,Neg P 0 D_1,100,P_M
R_1Vjyy6ifN7gKoJP,Neg C M E_1,100,P_M
R_1Vjyy6ifN7gKoJP,Aff P P B_1,100,P_M
R_1Vjyy6ifN7gKoJP,Aff C C E_1,100,P_M
R_1Vjyy6ifN7gKoJP,Aff M C D_1,90,P_M
R_1Vjyy6ifN7gKoJP,Aff P C E_1,83,P_M
R_1Vjyy6ifN7gKoJP,Neg P M B_1,41,P_M
R_1Vjyy6ifN7gKoJP,Neg M M C_1,0,P_M
R_1Vjyy6ifN7gKoJP,Aff C P A_1,0,P_M
R_1Vjyy6ifN7gKoJP,Aff M 0 B_1,0,P_M
R_1Vjyy6ifN7gKoJP,Aff C 0 A_1,0,P_M
R_1Vjyy6ifN7gKoJP,Neg M C C_1,0,P_M
R_1TSYjB8mNMnkFbP,Aff P C B_1,100,P_M
R_1TSYjB8mNMnkFbP,Aff M C A_1,100,P_M
R_1TSYjB8mNMnkFbP,Aff C C B_1,100,P_M
R_1TSYjB8mNMnkFbP,Aff P P D_1,100,P_M
R_1TSYjB8mNMnkFbP,Neg P 0 A_1,83,P_M
R_1TSYjB8mNMnkFbP,Aff C P C_1,75,P_M
R_1TSYjB8mNMnkFbP,Aff C 0 C_1,34,P_M
R_1TSYjB8mNMnkFbP,Neg M C E_1,0,P_M
R_1TSYjB8mNMnkFbP,Neg P M D_1,0,P_M
R_1TSYjB8mNMnkFbP,Neg C M B_1,0,P_M
R_1TSYjB8mNMnkFbP,Aff M 0 D_1,0,P_M
R_1TSYjB8mNMnkFbP,Neg M M E_1,0,P_M
R_1tMofrv76uB3889,Neg M 0 C_1,65,P_M
R_1tMofrv76uB3889,Aff C M E_1,64,P_M
R_1tMofrv76uB3889,Neg C P B_1,58,P_M
R_1tMofrv76uB3889,Neg M P D_1,56,P_M
R_1tMofrv76uB3889,Aff M M A_1,55,P_M
R_1tMofrv76uB3889,Neg C C B_1,45,P_M
R_1tMofrv76uB3889,Neg C 0 D_1,41,P_M
R_1tMofrv76uB3889,Aff M P D_1,35,P_M
R_1tMofrv76uB3889,Aff P M C_1,32,P_M
R_1tMofrv76uB3889,Aff P 0 E_1,1,P_M
R_1tMofrv76uB3889,Neg P C A_1,0,P_M
R_1tMofrv76uB3889,Neg P P A_1,0,P_M
R_1sazmgT1BEmxatD,Neg P 0 B_1,93,P_M
R_1sazmgT1BEmxatD,Aff M C B_1,91,P_M
R_1sazmgT1BEmxatD,Aff P P E_1,91,P_M
R_1sazmgT1BEmxatD,Aff P C C_1,89,P_M
R_1sazmgT1BEmxatD,Neg P M E_1,84,P_M
R_1sazmgT1BEmxatD,Aff C C C_1,75,P_M
R_1sazmgT1BEmxatD,Neg C M D_1,9,P_M
R_1sazmgT1BEmxatD,Aff M 0 E_1,9,P_M
R_1sazmgT1BEmxatD,Aff C P D_1,8,P_M
R_1sazmgT1BEmxatD,Neg M C A_1,6,P_M
R_1sazmgT1BEmxatD,Neg M M A_1,5,P_M
R_1sazmgT1BEmxatD,Aff C 0 D_1,0,P_M
R_1S3q8MEOorMyR5d,Neg M P A_1,100,P_M
R_1S3q8MEOorMyR5d,Aff M M C_1,98,P_M
R_1S3q8MEOorMyR5d,Neg C 0 A_1,93,P_M
R_1S3q8MEOorMyR5d,Neg M 0 E_1,89,P_M
R_1S3q8MEOorMyR5d,Aff P M E_1,88,P_M
R_1S3q8MEOorMyR5d,Neg C P D_1,87,P_M
R_1S3q8MEOorMyR5d,Aff P 0 B_1,74,P_M
R_1S3q8MEOorMyR5d,Aff C M B_1,44,P_M
R_1S3q8MEOorMyR5d,Neg C C D_1,6,P_M
R_1S3q8MEOorMyR5d,Neg P C C_1,0,P_M
R_1S3q8MEOorMyR5d,Neg P P C_1,0,P_M
R_1S3q8MEOorMyR5d,Aff M P A_1,0,P_M
R_1rUCA3HOXxJwkef,Aff P 0 E_1,77,P_M
R_1rUCA3HOXxJwkef,Neg C 0 D_1,77,P_M
R_1rUCA3HOXxJwkef,Neg C P B_1,75,P_M
R_1rUCA3HOXxJwkef,Aff M P D_1,73,P_M
R_1rUCA3HOXxJwkef,Neg P P A_1,73,P_M
R_1rUCA3HOXxJwkef,Aff M M A_1,73,P_M
R_1rUCA3HOXxJwkef,Neg C C B_1,71,P_M
R_1rUCA3HOXxJwkef,Neg M P D_1,69,P_M
R_1rUCA3HOXxJwkef,Neg P C A_1,68,P_M
R_1rUCA3HOXxJwkef,Aff P M C_1,64,P_M
R_1rUCA3HOXxJwkef,Aff C M E_1,43,P_M
R_1rUCA3HOXxJwkef,Neg M 0 C_1,40,P_M
R_1RO0nRsPwjt1reV,Aff C M A_1,100,P_M
R_1RO0nRsPwjt1reV,Neg M P E_1,97,P_M
R_1RO0nRsPwjt1reV,Aff M M B_1,97,P_M
R_1RO0nRsPwjt1reV,Neg C 0 E_1,93,P_M
R_1RO0nRsPwjt1reV,Neg C P C_1,91,P_M
R_1RO0nRsPwjt1reV,Aff P M D_1,85,P_M
R_1RO0nRsPwjt1reV,Neg P C B_1,11,P_M
R_1RO0nRsPwjt1reV,Aff P 0 A_1,8,P_M
R_1RO0nRsPwjt1reV,Neg M 0 D_1,8,P_M
R_1RO0nRsPwjt1reV,Neg P P B_1,5,P_M
R_1RO0nRsPwjt1reV,Aff M P E_1,5,P_M
R_1RO0nRsPwjt1reV,Neg C C C_1,0,P_M
R_1r1XlrAgON3rJts,Aff P C B_1,100,P_M
R_1r1XlrAgON3rJts,Aff M C A_1,100,P_M
R_1r1XlrAgON3rJts,Aff C C B_1,100,P_M
R_1r1XlrAgON3rJts,Aff P P D_1,85,P_M
R_1r1XlrAgON3rJts,Aff C P C_1,75,P_M
R_1r1XlrAgON3rJts,Neg P 0 A_1,75,P_M
R_1r1XlrAgON3rJts,Neg P M D_1,0,P_M
R_1r1XlrAgON3rJts,Neg C M B_1,0,P_M
R_1r1XlrAgON3rJts,Aff C 0 C_1,0,P_M
R_1r1XlrAgON3rJts,Neg M C E_1,0,P_M
R_1r1XlrAgON3rJts,Neg M M E_1,0,P_M
R_1r1XlrAgON3rJts,Aff M 0 D_1,0,P_M
R_1QQwiTEqPqpFQVH,Aff C C E_1,100,P_M
R_1QQwiTEqPqpFQVH,Aff C P A_1,70,P_M
R_1QQwiTEqPqpFQVH,Aff P C E_1,66,P_M
R_1QQwiTEqPqpFQVH,Aff C 0 A_1,60,P_M
R_1QQwiTEqPqpFQVH,Neg P 0 D_1,47,P_M
R_1QQwiTEqPqpFQVH,Aff M C D_1,46,P_M
R_1QQwiTEqPqpFQVH,Neg M C C_1,46,P_M
R_1QQwiTEqPqpFQVH,Neg M M C_1,45,P_M
R_1QQwiTEqPqpFQVH,Neg P M B_1,38,P_M
R_1QQwiTEqPqpFQVH,Aff P P B_1,37,P_M
R_1QQwiTEqPqpFQVH,Aff M 0 B_1,35,P_M
R_1QQwiTEqPqpFQVH,Neg C M E_1,30,P_M
R_1PtxRc3IB2uCmcP,Aff M C D_1,100,P_M
R_1PtxRc3IB2uCmcP,Aff C 0 A_1,100,P_M
R_1PtxRc3IB2uCmcP,Aff P C E_1,100,P_M
R_1PtxRc3IB2uCmcP,Neg P 0 D_1,100,P_M
R_1PtxRc3IB2uCmcP,Aff M 0 B_1,100,P_M
R_1PtxRc3IB2uCmcP,Neg C M E_1,100,P_M
R_1PtxRc3IB2uCmcP,Neg P M B_1,100,P_M
R_1PtxRc3IB2uCmcP,Aff P P B_1,100,P_M
R_1PtxRc3IB2uCmcP,Neg M M C_1,100,P_M
R_1PtxRc3IB2uCmcP,Aff C P A_1,100,P_M
R_1PtxRc3IB2uCmcP,Aff C C E_1,100,P_M
R_1PtxRc3IB2uCmcP,Neg M C C_1,100,P_M
R_1PpLxnK3QUDNWr7,Neg M 0 C_1,66,P_M
R_1PpLxnK3QUDNWr7,Aff M M A_1,63,P_M
R_1PpLxnK3QUDNWr7,Aff C M E_1,59,P_M
R_1PpLxnK3QUDNWr7,Neg M P D_1,57,P_M
R_1PpLxnK3QUDNWr7,Aff P M C_1,55,P_M
R_1PpLxnK3QUDNWr7,Neg C 0 D_1,36,P_M
R_1PpLxnK3QUDNWr7,Neg C P B_1,33,P_M
R_1PpLxnK3QUDNWr7,Neg C C B_1,29,P_M
R_1PpLxnK3QUDNWr7,Neg P P A_1,26,P_M
R_1PpLxnK3QUDNWr7,Aff M P D_1,21,P_M
R_1PpLxnK3QUDNWr7,Neg P C A_1,21,P_M
R_1PpLxnK3QUDNWr7,Aff P 0 E_1,17,P_M
R_1pmPfs6NRzM4kHV,Neg M 0 C_1,100,P_M
R_1pmPfs6NRzM4kHV,Aff C M E_1,88,P_M
R_1pmPfs6NRzM4kHV,Neg P C A_1,63,P_M
R_1pmPfs6NRzM4kHV,Aff M M A_1,62,P_M
R_1pmPfs6NRzM4kHV,Neg M P D_1,57,P_M
R_1pmPfs6NRzM4kHV,Aff P M C_1,50,P_M
R_1pmPfs6NRzM4kHV,Neg C P B_1,22,P_M
R_1pmPfs6NRzM4kHV,Neg C C B_1,19,P_M
R_1pmPfs6NRzM4kHV,Neg C 0 D_1,10,P_M
R_1pmPfs6NRzM4kHV,Neg P P A_1,3,P_M
R_1pmPfs6NRzM4kHV,Aff M P D_1,0,P_M
R_1pmPfs6NRzM4kHV,Aff P 0 E_1,0,P_M
R_1pDs0xWZSnfp0ck,Neg M 0 E_1,99,P_M
R_1pDs0xWZSnfp0ck,Aff M M C_1,98,P_M
R_1pDs0xWZSnfp0ck,Neg C 0 A_1,94,P_M
R_1pDs0xWZSnfp0ck,Neg M P A_1,84,P_M
R_1pDs0xWZSnfp0ck,Neg C P D_1,83,P_M
R_1pDs0xWZSnfp0ck,Aff P 0 B_1,66,P_M
R_1pDs0xWZSnfp0ck,Aff C M B_1,51,P_M
R_1pDs0xWZSnfp0ck,Aff P M E_1,50,P_M
R_1pDs0xWZSnfp0ck,Neg P C C_1,12,P_M
R_1pDs0xWZSnfp0ck,Neg P P C_1,9,P_M
R_1pDs0xWZSnfp0ck,Aff M P A_1,7,P_M
R_1pDs0xWZSnfp0ck,Neg C C D_1,4,P_M
R_1odX1iImLFvLuBb,Aff P M E_1,100,P_M
R_1odX1iImLFvLuBb,Aff M P A_1,100,P_M
R_1odX1iImLFvLuBb,Aff M M C_1,100,P_M
R_1odX1iImLFvLuBb,Aff C M B_1,100,P_M
R_1odX1iImLFvLuBb,Aff P 0 B_1,100,P_M
R_1odX1iImLFvLuBb,Neg M 0 E_1,65,P_M
R_1odX1iImLFvLuBb,Neg P C C_1,55,P_M
R_1odX1iImLFvLuBb,Neg P P C_1,55,P_M
R_1odX1iImLFvLuBb,Neg C 0 A_1,45,P_M
R_1odX1iImLFvLuBb,Neg C P D_1,45,P_M
R_1odX1iImLFvLuBb,Neg M P A_1,40,P_M
R_1odX1iImLFvLuBb,Neg C C D_1,28,P_M
R_1NDkrLpauW98Mwr,Aff M C C_1,100,P_M
R_1NDkrLpauW98Mwr,Aff P P A_6,90,P_M
R_1NDkrLpauW98Mwr,Neg P M A_1,65,P_M
R_1NDkrLpauW98Mwr,Neg P 0 C_1,52,P_M
R_1NDkrLpauW98Mwr,Neg C M C_1,25,P_M
R_1NDkrLpauW98Mwr,Neg M M B_1,15,P_M
R_1NDkrLpauW98Mwr,Aff C C D_1,0,P_M
R_1NDkrLpauW98Mwr,Aff C 0 E_1,0,P_M
R_1NDkrLpauW98Mwr,Aff M 0 A_1,0,P_M
R_1NDkrLpauW98Mwr,Neg M C B_1,0,P_M
R_1NDkrLpauW98Mwr,Aff C P E_1,0,P_M
R_1NDkrLpauW98Mwr,Aff P C D_1,0,P_M
R_1MclOEofp3neEN3,Aff P P A_6,100,P_M
R_1MclOEofp3neEN3,Aff P C D_1,100,P_M
R_1MclOEofp3neEN3,Neg P 0 C_1,100,P_M
R_1MclOEofp3neEN3,Aff M C C_1,100,P_M
R_1MclOEofp3neEN3,Aff C C D_1,100,P_M
R_1MclOEofp3neEN3,Neg P M A_1,85,P_M
R_1MclOEofp3neEN3,Neg C M C_1,50,P_M
R_1MclOEofp3neEN3,Aff C P E_1,50,P_M
R_1MclOEofp3neEN3,Aff C 0 E_1,0,P_M
R_1MclOEofp3neEN3,Neg M C B_1,0,P_M
R_1MclOEofp3neEN3,Aff M 0 A_1,0,P_M
R_1MclOEofp3neEN3,Neg M M B_1,0,P_M
R_1m2XFZp5tAZKaXx,Aff P M A_1,98,P_M
R_1m2XFZp5tAZKaXx,Neg P P D_1,95,P_M
R_1m2XFZp5tAZKaXx,Neg M P B_1,89,P_M
R_1m2XFZp5tAZKaXx,Neg M 0 A_1,84,P_M
R_1m2XFZp5tAZKaXx,Aff C M C_1,80,P_M
R_1m2XFZp5tAZKaXx,Aff M M D_1,76,P_M
R_1m2XFZp5tAZKaXx,Neg C 0 B_1,68,P_M
R_1m2XFZp5tAZKaXx,Neg C C E_1,50,P_M
R_1m2XFZp5tAZKaXx,Neg P C D_1,20,P_M
R_1m2XFZp5tAZKaXx,Aff P 0 A_1_1,9,P_M
R_1m2XFZp5tAZKaXx,Neg C P E_1,6,P_M
R_1m2XFZp5tAZKaXx,Aff M P B_1,0,P_M
R_1M0bQCUYgwnuyuW,Neg C P E_1,100,P_M
R_1M0bQCUYgwnuyuW,Aff M M D_1,100,P_M
R_1M0bQCUYgwnuyuW,Neg M 0 A_1,100,P_M
R_1M0bQCUYgwnuyuW,Neg C 0 B_1,100,P_M
R_1M0bQCUYgwnuyuW,Aff P M A_1,100,P_M
R_1M0bQCUYgwnuyuW,Neg M P B_1,100,P_M
R_1M0bQCUYgwnuyuW,Aff C M C_1,100,P_M
R_1M0bQCUYgwnuyuW,Neg C C E_1,100,P_M
R_1M0bQCUYgwnuyuW,Neg P C D_1,93,P_M
R_1M0bQCUYgwnuyuW,Aff M P B_1,0,P_M
R_1M0bQCUYgwnuyuW,Neg P P D_1,0,P_M
R_1M0bQCUYgwnuyuW,Aff P 0 A_1_1,0,P_M
R_1kk4jMC7PM7pk6k,Neg P C C_1,100,P_M
R_1kk4jMC7PM7pk6k,Aff P 0 B_1,100,P_M
R_1kk4jMC7PM7pk6k,Neg M 0 E_1,100,P_M
R_1kk4jMC7PM7pk6k,Aff C M B_1,100,P_M
R_1kk4jMC7PM7pk6k,Neg C C D_1,100,P_M
R_1kk4jMC7PM7pk6k,Aff M M C_1,61,P_M
R_1kk4jMC7PM7pk6k,Neg M P A_1,50,P_M
R_1kk4jMC7PM7pk6k,Neg C 0 A_1,21,P_M
R_1kk4jMC7PM7pk6k,Aff P M E_1,5,P_M
R_1kk4jMC7PM7pk6k,Neg P P C_1,1,P_M
R_1kk4jMC7PM7pk6k,Aff M P A_1,0,P_M
R_1kk4jMC7PM7pk6k,Neg C P D_1,0,P_M
R_1kdhDtNbMnjQ4GB,Aff P 0 E_1,100,P_M
R_1kdhDtNbMnjQ4GB,Aff M M A_1,100,P_M
R_1kdhDtNbMnjQ4GB,Aff M P D_1,100,P_M
R_1kdhDtNbMnjQ4GB,Aff C M E_1,81,P_M
R_1kdhDtNbMnjQ4GB,Aff P M C_1,79,P_M
R_1kdhDtNbMnjQ4GB,Neg M P D_1,50,P_M
R_1kdhDtNbMnjQ4GB,Neg C 0 D_1,24,P_M
R_1kdhDtNbMnjQ4GB,Neg P C A_1,18,P_M
R_1kdhDtNbMnjQ4GB,Neg C C B_1,17,P_M
R_1kdhDtNbMnjQ4GB,Neg C P B_1,17,P_M
R_1kdhDtNbMnjQ4GB,Neg M 0 C_1,15,P_M
R_1kdhDtNbMnjQ4GB,Neg P P A_1,15,P_M
R_1kAJ8vYTlrxO1Kj,Neg M 0 B_1,80,P_M
R_1kAJ8vYTlrxO1Kj,Neg C 0 C_1,74,P_M
R_1kAJ8vYTlrxO1Kj,Aff M P C_1,73,P_M
R_1kAJ8vYTlrxO1Kj,Neg C P A_1,72,P_M
R_1kAJ8vYTlrxO1Kj,Aff M M E_1,71,P_M
R_1kAJ8vYTlrxO1Kj,Neg M P C_1,70,P_M
R_1kAJ8vYTlrxO1Kj,Aff C M D_1,65,P_M
R_1kAJ8vYTlrxO1Kj,Aff P M B_1,33,P_M
R_1kAJ8vYTlrxO1Kj,Neg P C E_1,33,P_M
R_1kAJ8vYTlrxO1Kj,Neg C C A_1,16,P_M
R_1kAJ8vYTlrxO1Kj,Aff P 0 D_1,14,P_M
R_1kAJ8vYTlrxO1Kj,Neg P P E_1,5,P_M
R_1jJHrmVrS1RUX4G,Aff M M A_1,100,P_M
R_1jJHrmVrS1RUX4G,Neg M P D_1,79,P_M
R_1jJHrmVrS1RUX4G,Aff C M E_1,75,P_M
R_1jJHrmVrS1RUX4G,Neg M 0 C_1,74,P_M
R_1jJHrmVrS1RUX4G,Neg C 0 D_1,62,P_M
R_1jJHrmVrS1RUX4G,Neg C P B_1,49,P_M
R_1jJHrmVrS1RUX4G,Aff P M C_1,32,P_M
R_1jJHrmVrS1RUX4G,Neg P C A_1,11,P_M
R_1jJHrmVrS1RUX4G,Aff M P D_1,0,P_M
R_1jJHrmVrS1RUX4G,Aff P 0 E_1,0,P_M
R_1jJHrmVrS1RUX4G,Neg C C B_1,0,P_M
R_1jJHrmVrS1RUX4G,Neg P P A_1,0,P_M
R_1iPGaXlHtv1EKkc,Neg C 0 D_1,100,P_M
R_1iPGaXlHtv1EKkc,Aff C M E_1,100,P_M
R_1iPGaXlHtv1EKkc,Neg C P B_1,100,P_M
R_1iPGaXlHtv1EKkc,Neg M P D_1,100,P_M
R_1iPGaXlHtv1EKkc,Neg M 0 C_1,100,P_M
R_1iPGaXlHtv1EKkc,Aff M M A_1,100,P_M
R_1iPGaXlHtv1EKkc,Aff P M C_1,0,P_M
R_1iPGaXlHtv1EKkc,Aff P 0 E_1,0,P_M
R_1iPGaXlHtv1EKkc,Neg C C B_1,0,P_M
R_1iPGaXlHtv1EKkc,Aff M P D_1,0,P_M
R_1iPGaXlHtv1EKkc,Neg P C A_1,0,P_M
R_1iPGaXlHtv1EKkc,Neg P P A_1,0,P_M
R_1Ibk9T4DmyYRnLG,Neg C C B_1,100,P_M
R_1Ibk9T4DmyYRnLG,Neg M P D_1,100,P_M
R_1Ibk9T4DmyYRnLG,Aff M M A_1,84,P_M
R_1Ibk9T4DmyYRnLG,Aff C M E_1,55,P_M
R_1Ibk9T4DmyYRnLG,Neg C 0 D_1,51,P_M
R_1Ibk9T4DmyYRnLG,Aff P M C_1,3,P_M
R_1Ibk9T4DmyYRnLG,Aff P 0 E_1,0,P_M
R_1Ibk9T4DmyYRnLG,Aff M P D_1,0,P_M
R_1Ibk9T4DmyYRnLG,Neg M 0 C_1,0,P_M
R_1Ibk9T4DmyYRnLG,Neg C P B_1,0,P_M
R_1Ibk9T4DmyYRnLG,Neg P C A_1,0,P_M
R_1Ibk9T4DmyYRnLG,Neg P P A_1,0,P_M
R_1hXPOe6elrSwyr2,Neg P 0 E_1,100,P_M
R_1hXPOe6elrSwyr2,Aff M C E_1,100,P_M
R_1hXPOe6elrSwyr2,Aff P P C_1,95,P_M
R_1hXPOe6elrSwyr2,Aff C C A_1,90,P_M
R_1hXPOe6elrSwyr2,Aff P C A_1,55,P_M
R_1hXPOe6elrSwyr2,Neg P M C_1,25,P_M
R_1hXPOe6elrSwyr2,Neg C M A_1,10,P_M
R_1hXPOe6elrSwyr2,Neg M M D_1,5,P_M
R_1hXPOe6elrSwyr2,Neg M C D_1,5,P_M
R_1hXPOe6elrSwyr2,Aff C P B_1,1,P_M
R_1hXPOe6elrSwyr2,Aff C 0 B_1,0,P_M
R_1hXPOe6elrSwyr2,Aff M 0 C_1,0,P_M
R_1hNooiL7Ljv8LBr,Aff P C A_1,100,P_M
R_1hNooiL7Ljv8LBr,Aff P P C_1,100,P_M
R_1hNooiL7Ljv8LBr,Aff C C A_1,100,P_M
R_1hNooiL7Ljv8LBr,Aff M C E_1,84,P_M
R_1hNooiL7Ljv8LBr,Aff M 0 C_1,66,P_M
R_1hNooiL7Ljv8LBr,Aff C P B_1,7,P_M
R_1hNooiL7Ljv8LBr,Neg M M D_1,4,P_M
R_1hNooiL7Ljv8LBr,Neg M C D_1,0,P_M
R_1hNooiL7Ljv8LBr,Neg P 0 E_1,0,P_M
R_1hNooiL7Ljv8LBr,Neg P M C_1,0,P_M
R_1hNooiL7Ljv8LBr,Aff C 0 B_1,0,P_M
R_1hNooiL7Ljv8LBr,Neg C M A_1,0,P_M
R_1GDhnuBDWLLGtfA,Neg C 0 E_1,100,P_M
R_1GDhnuBDWLLGtfA,Neg M 0 D_1,100,P_M
R_1GDhnuBDWLLGtfA,Neg M P E_1,100,P_M
R_1GDhnuBDWLLGtfA,Aff C M A_1,93,P_M
R_1GDhnuBDWLLGtfA,Aff M M B_1,90,P_M
R_1GDhnuBDWLLGtfA,Aff P 0 A_1,86,P_M
R_1GDhnuBDWLLGtfA,Neg P C B_1,85,P_M
R_1GDhnuBDWLLGtfA,Aff P M D_1,38,P_M
R_1GDhnuBDWLLGtfA,Neg P P B_1,0,P_M
R_1GDhnuBDWLLGtfA,Neg C P C_1,0,P_M
R_1GDhnuBDWLLGtfA,Neg C C C_1,0,P_M
R_1GDhnuBDWLLGtfA,Aff M P E_1,0,P_M
R_1EDXvIMMlY7Piqo,Aff P P D_1,94,P_M
R_1EDXvIMMlY7Piqo,Aff M C A_1,80,P_M
R_1EDXvIMMlY7Piqo,Aff P C B_1,78,P_M
R_1EDXvIMMlY7Piqo,Aff C C B_1,75,P_M
R_1EDXvIMMlY7Piqo,Neg P 0 A_1,54,P_M
R_1EDXvIMMlY7Piqo,Aff C P C_1,34,P_M
R_1EDXvIMMlY7Piqo,Neg P M D_1,29,P_M
R_1EDXvIMMlY7Piqo,Neg C M B_1,24,P_M
R_1EDXvIMMlY7Piqo,Neg M M E_1,24,P_M
R_1EDXvIMMlY7Piqo,Neg M C E_1,6,P_M
R_1EDXvIMMlY7Piqo,Aff C 0 C_1,0,P_M
R_1EDXvIMMlY7Piqo,Aff M 0 D_1,0,P_M
R_1dK8uqfkI8WXf3i,Aff P P E_1,100,P_M
R_1dK8uqfkI8WXf3i,Aff P C C_1,100,P_M
R_1dK8uqfkI8WXf3i,Aff C C C_1,100,P_M
R_1dK8uqfkI8WXf3i,Aff M C B_1,98,P_M
R_1dK8uqfkI8WXf3i,Neg P 0 B_1,60,P_M
R_1dK8uqfkI8WXf3i,Neg P M E_1,44,P_M
R_1dK8uqfkI8WXf3i,Neg M C A_1,17,P_M
R_1dK8uqfkI8WXf3i,Neg M M A_1,0,P_M
R_1dK8uqfkI8WXf3i,Aff C P D_1,0,P_M
R_1dK8uqfkI8WXf3i,Neg C M D_1,0,P_M
R_1dK8uqfkI8WXf3i,Aff M 0 E_1,0,P_M
R_1dK8uqfkI8WXf3i,Aff C 0 D_1,0,P_M
R_1C9p4UNNlBSKQww,Aff M P C_1,96,P_M
R_1C9p4UNNlBSKQww,Aff M M E_1,95,P_M
R_1C9p4UNNlBSKQww,Neg M P C_1,93,P_M
R_1C9p4UNNlBSKQww,Neg M 0 B_1,92,P_M
R_1C9p4UNNlBSKQww,Aff P M B_1,92,P_M
R_1C9p4UNNlBSKQww,Aff C M D_1,78,P_M
R_1C9p4UNNlBSKQww,Neg C 0 C_1,50,P_M
R_1C9p4UNNlBSKQww,Neg C C A_1,20,P_M
R_1C9p4UNNlBSKQww,Neg P C E_1,5,P_M
R_1C9p4UNNlBSKQww,Neg P P E_1,5,P_M
R_1C9p4UNNlBSKQww,Neg C P A_1,5,P_M
R_1C9p4UNNlBSKQww,Aff P 0 D_1,0,P_M
R_1BrF1KdBOIR9YtN,Aff C P E_1,90,P_M
R_1BrF1KdBOIR9YtN,Aff M 0 A_1,85,P_M
R_1BrF1KdBOIR9YtN,Neg M C B_1,80,P_M
R_1BrF1KdBOIR9YtN,Aff M C C_1,80,P_M
R_1BrF1KdBOIR9YtN,Aff P P A_6,80,P_M
R_1BrF1KdBOIR9YtN,Aff C 0 E_1,75,P_M
R_1BrF1KdBOIR9YtN,Neg M M B_1,75,P_M
R_1BrF1KdBOIR9YtN,Neg P M A_1,70,P_M
R_1BrF1KdBOIR9YtN,Neg P 0 C_1,65,P_M
R_1BrF1KdBOIR9YtN,Aff P C D_1,40,P_M
R_1BrF1KdBOIR9YtN,Aff C C D_1,25,P_M
R_1BrF1KdBOIR9YtN,Neg C M C_1,20,P_M
R_1ab7SkxtTgH03rb,Aff C C A_1,71,P_M
R_1ab7SkxtTgH03rb,Aff P P C_1,61,P_M
R_1ab7SkxtTgH03rb,Aff P C A_1,54,P_M
R_1ab7SkxtTgH03rb,Aff M C E_1,50,P_M
R_1ab7SkxtTgH03rb,Aff C 0 B_1,50,P_M
R_1ab7SkxtTgH03rb,Neg M C D_1,0,P_M
R_1ab7SkxtTgH03rb,Neg C M A_1,0,P_M
R_1ab7SkxtTgH03rb,Aff C P B_1,0,P_M
R_1ab7SkxtTgH03rb,Aff M 0 C_1,0,P_M
R_1ab7SkxtTgH03rb,Neg M M D_1,0,P_M
R_1ab7SkxtTgH03rb,Neg P M C_1,0,P_M
R_1ab7SkxtTgH03rb,Neg P 0 E_1,0,P_M
R_18Ye2VvHxEYDNUQ,Neg C 0 B_1,98,P_M
R_18Ye2VvHxEYDNUQ,Neg M 0 A_1,96,P_M
R_18Ye2VvHxEYDNUQ,Aff M M D_1,87,P_M
R_18Ye2VvHxEYDNUQ,Neg C P E_1,74,P_M
R_18Ye2VvHxEYDNUQ,Aff M P B_1,70,P_M
R_18Ye2VvHxEYDNUQ,Neg M P B_1,39,P_M
R_18Ye2VvHxEYDNUQ,Aff P M A_1,27,P_M
R_18Ye2VvHxEYDNUQ,Aff C M C_1,21,P_M
R_18Ye2VvHxEYDNUQ,Neg P P D_1,1,P_M
R_18Ye2VvHxEYDNUQ,Neg C C E_1,0,P_M
R_18Ye2VvHxEYDNUQ,Aff P 0 A_1_1,0,P_M
R_18Ye2VvHxEYDNUQ,Neg P C D_1,0,P_M
R_14HFDvSxPHDTbI9,Aff M C A_1,91,P_M
R_14HFDvSxPHDTbI9,Aff P C B_1,75,P_M
R_14HFDvSxPHDTbI9,Aff C C B_1,73,P_M
R_14HFDvSxPHDTbI9,Aff P P D_1,59,P_M
R_14HFDvSxPHDTbI9,Neg P 0 A_1,35,P_M
R_14HFDvSxPHDTbI9,Neg P M D_1,20,P_M
R_14HFDvSxPHDTbI9,Aff C P C_1,10,P_M
R_14HFDvSxPHDTbI9,Neg M C E_1,0,P_M
R_14HFDvSxPHDTbI9,Aff M 0 D_1,0,P_M
R_14HFDvSxPHDTbI9,Neg M M E_1,0,P_M
R_14HFDvSxPHDTbI9,Aff C 0 C_1,0,P_M
R_14HFDvSxPHDTbI9,Neg C M B_1,0,P_M
R_11cQ5fJSVqWA6nP,Aff M M A_1,80,P_M
R_11cQ5fJSVqWA6nP,Aff M P D_1,68,P_M
R_11cQ5fJSVqWA6nP,Aff P 0 E_1,60,P_M
R_11cQ5fJSVqWA6nP,Aff C M E_1,54,P_M
R_11cQ5fJSVqWA6nP,Aff P M C_1,45,P_M
R_11cQ5fJSVqWA6nP,Neg C C B_1,41,P_M
R_11cQ5fJSVqWA6nP,Neg P C A_1,41,P_M
R_11cQ5fJSVqWA6nP,Neg M P D_1,40,P_M
R_11cQ5fJSVqWA6nP,Neg M 0 C_1,40,P_M
R_11cQ5fJSVqWA6nP,Neg P P A_1,36,P_M
R_11cQ5fJSVqWA6nP,Neg C P B_1,35,P_M
R_11cQ5fJSVqWA6nP,Neg C 0 D_1,32,P_M